source,tweetsago,content,date,compound,pos,neu,neg
@BBC,0,"üé¨‚ú® @itsanitarani learns the secrets behind Bollywood's famous singing and dancing spectaculars.

Bollywood: The Wor‚Ä¶ https://t.co/LrY2ZmdOlk",8-13-2018,0.0,0.0,1.0,0.0
@BBC,1,Ballet-loving Pollyana lost her leg as a toddler and is now marked down in ballet exams for being unable to do cert‚Ä¶ https://t.co/M79YkGMS7q,8-13-2018,-0.3182,0.0,0.901,0.099
@BBC,2,"Follow 26-year-old Teleri Fielden as she pursues her dream of becoming a hill farmer. üêëüå≤

Snowdonia Shepherdess | 7‚Ä¶ https://t.co/8DFO5p81h0",8-13-2018,0.25,0.105,0.895,0.0
@BBC,3,The US pack dogs taking on the rhino poachers in South Africa. https://t.co/nlYInjleZ9,8-13-2018,0.0,0.0,1.0,0.0
@BBC,4,"From the Arctic to chocolate, here are some things that could be wiped out by a 2¬∞C temperature rise.
üëâ‚Ä¶ https://t.co/RqRQDPiUQP",8-13-2018,0.0,0.0,1.0,0.0
@BBC,5,‚ù§Ô∏èüê¢ Will Dirk find love at last? https://t.co/ayBxRiqgUG,8-13-2018,0.6369,0.375,0.625,0.0
@BBC,6,"üòÇü•Ç 'Thhparkling wine. I drink it all the time.'

Happy #NationalProseccoDay! https://t.co/ovmWiHkmKi",8-13-2018,0.6114,0.285,0.715,0.0
@BBC,7,"üöÜüôÖ This is why people hate public transport.

A selection of your strangest, most bizarre, and downright shocking s‚Ä¶ https://t.co/EsnG38SNuX",8-13-2018,-0.8399,0.0,0.64,0.36
@BBC,8,"RT @CBeebiesHQ: Sooner or later our #BedtimeStory catches up with you! üìö

Join Ewan McGregor üôå

Everybody‚Äôs Welcome! ü§ó

@mcgregor_ewan

#Ch‚Ä¶",8-13-2018,0.6988,0.266,0.734,0.0
@BBC,9,"RT @bbcstrictly: It's time for our very first celeb reveal of 2018! Welcome to #Strictly, Katie Piper üëã‚ú® @KatiePiper_ https://t.co/Z7nFu32Y‚Ä¶",8-13-2018,0.5093,0.148,0.852,0.0
@BBC,10,üåçüí• 13.8 billion years of our universe's history in four minutes. https://t.co/22puq7kwkN,8-13-2018,0.0,0.0,1.0,0.0
@BBC,11,"How do you treat someone who doesn't accept that they're ill?
üëâ https://t.co/66H6K9WoxJ https://t.co/VEJZUrkPb2",8-13-2018,-0.3147,0.153,0.565,0.282
@BBC,12,'Careful littering' is still littering.... https://t.co/RnIe8W28Nq,8-13-2018,0.1531,0.242,0.758,0.0
@BBC,13,"Young British-Asian men describe their experiences of growing up in modern Britain.

Lost Boys? What‚Äôs Going Wrong‚Ä¶ https://t.co/8r6FlOiYUV",8-12-2018,-0.1531,0.085,0.8,0.115
@BBC,14,üñºüïµÔ∏è‚Äç‚ôÄÔ∏è Art detectives Fiona Bruce and @PhilipMould are back to investigate the mysteries behind the paintings.‚Ä¶ https://t.co/G92ftoZCnu,8-12-2018,0.0,0.0,1.0,0.0
@BBC,15,"üî• @dragonjones, @deborahmeaden, @toukersuleyman, Jenny Campbell and @tejlalvani face a fresh batch of entrepreneurs‚Ä¶ https://t.co/AV83jH7xV4",8-12-2018,0.3182,0.161,0.839,0.0
@BBC,16,"RT @BBCEarth: It's baby feeding time at the elephant sanctuary! üêò

#WorldElephantDay w/ @retetielephants https://t.co/VLgDl6rQ07",8-12-2018,0.0,0.0,1.0,0.0
@BBC,17,‚ö° Hertha Marks Ayrton is 'the woman who tamed lightning'. https://t.co/r5vacqjnxZ,8-12-2018,0.0,0.0,1.0,0.0
@BBC,18,üò≤üî•üå™ Ever heard of a 'firenado'? https://t.co/FPdZg4XH22,8-12-2018,0.0,0.0,1.0,0.0
@BBC,19,"üò∞üòÆüò† All this rubbish from one shop, in one day, in one city. https://t.co/VFJrK5f0YO",8-12-2018,0.0,0.0,1.0,0.0
@BBC,20,"üò®ü¶ñ Imagine coming face to face with this guy! 
#WalkingWithDinosaurs https://t.co/cL5z3xQTwc",8-12-2018,0.0,0.0,1.0,0.0
@BBC,21,"From colourism to chemicals, @BBCStories investigate the pressure young dark-skinned women feel to be lighter, and‚Ä¶ https://t.co/y6nBqiXcn1",8-12-2018,-0.296,0.0,0.879,0.121
@BBC,22,"ü§§üç´ You could now get paid to live out your chocolate spread fantasies.

Just pump that chocolatey goodness into our‚Ä¶ https://t.co/GTTtkhOjZ0",8-12-2018,0.4588,0.13,0.87,0.0
@BBC,23,"If you're lucky, you could see over 100 meteors an hour in the #Perseid meteor shower tonight! üòçüí´üî≠

Here's how to w‚Ä¶ https://t.co/FNfzXIMzGR",8-12-2018,0.4753,0.123,0.877,0.0
@BBC,24,"‚öΩÔ∏è At 18, Shameek just missed out on a professional contract with Tottenham Hotspur. But he turned his knock-back i‚Ä¶ https://t.co/v7om9Z9Uiz",8-12-2018,-0.296,0.0,0.896,0.104
@BBC,25,"Caring for orphan baby elephants is a tricky but rewarding job. üêò #WorldElephantDay 

https://t.co/tPbFbgoZ3i",8-12-2018,0.7506,0.394,0.529,0.076
@BBC,26,"How one woman found a new source of warming gases hidden in waste.
üëâ https://t.co/CfeD2vQA3i https://t.co/ToGeiy2Nu6",8-12-2018,-0.296,0.098,0.732,0.171
@BBC,27,RT @BBCBreaking: Lift off! Nasa launches the Parker Solar Probe on its mission to 'touch' the Sun https://t.co/dPxdBaG0Ic https://t.co/2Oo5‚Ä¶,8-12-2018,0.0,0.0,1.0,0.0
@BBC,28,RT @BBCEngland: People living with dementia at a care home in Derbyshire have been inundated with holiday postcards following an appeal htt‚Ä¶,8-12-2018,0.7096,0.237,0.763,0.0
@BBC,29,"RT @BBCMOTD: THAT THEME TUNE üòç

It's back!

#MOTD https://t.co/lyDozAzedA",8-12-2018,0.0,0.0,1.0,0.0
@BBC,30,"üéßüéô‚ù§Ô∏è Welcome to @RadioLollipop, the sick children's radio station. https://t.co/ZrDRZBPJJp",8-12-2018,-0.0772,0.21,0.559,0.231
@BBC,31,"This poor elephant is caught on a snare. Can the team save him before its too late? üò¢üêò #WorldElephantDay

https://t.co/Zr7MmgvKZR",8-12-2018,0.0258,0.137,0.73,0.133
@BBC,32,"Ô∏è‚öΩÔ∏è @GaryLineker introduces highlights from the Premier League's opening games... 

Match of the Day | 10:20pm |‚Ä¶ https://t.co/X2qmeX8H6Q",8-11-2018,0.0,0.0,1.0,0.0
@BBC,33,"Unravelling the story behind Sylvia Plath's seminal novel. üìñ

Sylvia Plath - Inside the Bell Jar | 9pm | @BBCTwo |‚Ä¶ https://t.co/p0xtMXHVL7",8-11-2018,0.3182,0.119,0.881,0.0
@BBC,34,"üêô This octopus leaves the water and travels on land to hunt its prey!
#TheHunt https://t.co/g5nYM0NHlK",8-11-2018,0.0,0.0,1.0,0.0
@BBC,35,üòÆ That's A LOT of litter for a two-mile walk.  https://t.co/2OuNUSyRqH,8-11-2018,0.0,0.0,1.0,0.0
@BBC,36,üí™üëä This girl DEFINITELY can! https://t.co/977r9IRlVh,8-11-2018,0.5754,0.427,0.573,0.0
@BBC,37,How bad is the plastic waste problem in the Pacific Ocean? https://t.co/JUYaXXTmX3,8-11-2018,-0.8402,0.0,0.5,0.5
@BBC,38,"How can someone work, pay taxes and still be homeless? https://t.co/rCpmM5ybZl",8-11-2018,-0.1027,0.0,0.877,0.123
@BBC,39,The world can sound very different to some people with autism. https://t.co/58nCcc16P2,8-11-2018,0.0,0.0,1.0,0.0
@BBC,40,"From crowdturfing to brainjacking, @BBC_Future explores the unusual and intriguing vocabulary emerging from technol‚Ä¶ https://t.co/YaLIeUU3ln",8-11-2018,0.0,0.0,1.0,0.0
@BBC,41,"‚öΩÔ∏è How one woman helped save a generation of girls from child marriage - through football.
#BBCInnovators https://t.co/KeytwBoH37",8-11-2018,0.4939,0.176,0.824,0.0
@BBC,42,"Almost every species of lemur, wide-eyed primates unique to Madagascar, is under threat of extinction.
üëâ‚Ä¶ https://t.co/cBjTjiw0OE",8-11-2018,-0.5267,0.0,0.825,0.175
@BBC,43,"When it comes to describing the size of Jupiter, the word 'big' doesn't quite cut it...

#Horizon: Jupiter Revealed https://t.co/3YsHT7H7zS",8-11-2018,0.2572,0.097,0.903,0.0
@BBC,44,"""No chain, no owner... he is free.""

üêª A heart wrenching story with a happy ending. https://t.co/0YjmUMBJGg",8-11-2018,0.0772,0.194,0.576,0.23
@BBC,45,"A surprising journey through Middlesbrough, in and out of the cabs of three very different drivers. üöñ

Performance‚Ä¶ https://t.co/YD6BXbXnd9",8-10-2018,0.2732,0.116,0.884,0.0
@BBC,46,"A mix of musicians with New York roots celebrate the changing soundscape of the Big Apple. üöñüá∫üá∏üóΩüçéüé∂

@bbcproms: New Y‚Ä¶ https://t.co/h2KlqvJ1b6",8-10-2018,0.5719,0.163,0.837,0.0
@BBC,47,üòà Ever wondered what happens if you don't say 'bless you' after someone sneezes? https://t.co/7u0MPlOxuI,8-10-2018,-0.3252,0.0,0.848,0.152
@BBC,48,Exact plans for this weekend... üò¥ #FridayFeeling https://t.co/Qs7CVmNqUM,8-10-2018,0.0,0.0,1.0,0.0
@BBC,49,"RT @BBC_Future: If we cut the time moving our eyes, can we read at much greater speeds? Give speed-reading a try yourself in this video. ht‚Ä¶",8-10-2018,0.1027,0.091,0.833,0.076
@BBC,50,"RT @BBCR1: Voting for the #R1TeenAwards is now open! 

Who gets your vote for Best International Solo Artist?

Full terms + privacy notice‚Ä¶",8-10-2018,0.6696,0.176,0.824,0.0
@BBC,51,"Could your drinking habits stop you from getting a mortgage? üçªüè°

üìªüëâ https://t.co/bBSqFrB1bV https://t.co/JWVH9hv7iH",8-10-2018,-0.296,0.0,0.845,0.155
@BBC,52,üòÇ When you need an adult to help you adult. https://t.co/dmTAtQG1hp,8-10-2018,0.4019,0.231,0.769,0.0
@BBC,53,üêäüë©‚Äçüéì A US college student has made sure her graduation snaps are ones to remember - after posing in her cap and sas‚Ä¶ https://t.co/Yuwif9uJ9o,8-10-2018,0.3182,0.099,0.901,0.0
@BBC,54,"This brave little lizard clearly hasn't heard of the phrase 'never wake a sleeping lion'! ü¶Åü¶é
 #WorldLionDay

https://t.co/F8oMgbsWok",8-10-2018,0.7281,0.29,0.71,0.0
@BBC,55,RT @BBCNewsbeat: Stick it in your diary! @gregjames has just announced he‚Äôll be on the @bbcr1 Breakfast Show from Monday 20th August. https‚Ä¶,8-10-2018,0.0,0.0,1.0,0.0
@BBC,56,"RT @bbcweather: So far this summer, we've had 26 days of 30C or over and 65 days of 25C or over. 
In 1976 we saw 24 days above 30C. 
30C+ d‚Ä¶",8-10-2018,0.0,0.0,1.0,0.0
@BBC,57,"ü¶èüö® This is what it looks like when rhinos get road rage...

https://t.co/01oliiia90",8-10-2018,0.3612,0.172,0.828,0.0
@BBC,58,"By distinguishing future from present in what we say, can we end up saving less and even caring less for the enviro‚Ä¶ https://t.co/L78chQm5nu",8-10-2018,0.4472,0.118,0.882,0.0
@BBC,59,"üíÖüèª 84-year-old Maisie Trollette has performed at every single #BrightonPride since 1973.
Could she be Britain's old‚Ä¶ https://t.co/2fhpNHgMS5",8-10-2018,0.0,0.0,1.0,0.0
@BBC,60,"üòÇ Say it with us - ""pooper scooper"". 
#TheGNShow https://t.co/LzGNbCvOcN",8-9-2018,0.0,0.0,1.0,0.0
@BBC,61,"Everyone loves Colin Firth as Mr Darcy... üòç#PrideAndPrejudice 

https://t.co/9q59u7LNVg",8-9-2018,0.5719,0.316,0.684,0.0
@BBC,62,"Gemma Arterton, Catherine Tate, @Gemma_Chan, @EmiliaClarke, @IAmLenaHeadey, Anthony Welsh, @KT_Leung, @WunMo,‚Ä¶ https://t.co/HgPtbdYJsr",8-9-2018,0.0,0.0,1.0,0.0
@BBC,63,"üòÇ Remember the time Attenborough said 'BOO!' to a sloth?

#LifeOfMammals https://t.co/x8UxG2gTpL",8-9-2018,0.0,0.0,1.0,0.0
@BBC,64,"'It's not rocket science darling. We‚Äôre just asking you to be thin and curvy, sexy and innocent!‚Äô

Acting auditions‚Ä¶ https://t.co/EtW7o6NppW",8-9-2018,0.1581,0.149,0.727,0.124
@BBC,65,"ü§îüòÇ How did Shakespeare invent all those clich√©s? And how can he be stopped?! 
#BookLoversDay https://t.co/sCmnhZiv4G",8-9-2018,0.0,0.0,1.0,0.0
@BBC,66,"ü§ò Think you're too old for moshing? 

Spare a thought for the two elderly men who escaped a German care home and we‚Ä¶ https://t.co/G3D6xPG9Az",8-9-2018,0.4939,0.138,0.862,0.0
@BBC,67,Imagine what life would be like without fossil fuels. https://t.co/yxpDahGwms,8-9-2018,0.3612,0.217,0.783,0.0
@BBC,68,"ü•ó Thinking of going vegetarian?

Here are a few facts and nutritional tips to get you started.
üëâ‚Ä¶ https://t.co/P4ycKKb7t5",8-9-2018,0.0,0.0,1.0,0.0
@BBC,69,"RT @bbcnewcomedy18: Meet the acts taking part in our LIVE final, this Sunday at 6.15pm on @BBCRadio4, hosted by the brilliant @watsoncomedi‚Ä¶",8-9-2018,0.5859,0.153,0.847,0.0
@BBC,70,"üìö Ever fancied running your own bookshop? 
#BookLoversDay https://t.co/vCRAppVsZv",8-9-2018,0.0,0.0,1.0,0.0
@BBC,71,"üìñüò≠ David Thewlis's dramatic reading of #HarryPotter will make you cry. 
#BookLoversDay https://t.co/B38aew9Bv3",8-9-2018,-0.4767,0.0,0.795,0.205
@BBC,72,"RT @BBCR1: What an incredible six years it's been!

Here's a handful of the best bits from The Radio 1 Breakfast Show with @grimmers - than‚Ä¶",8-9-2018,0.6696,0.17,0.83,0.0
@BBC,73,RT @BBCFOUR: Did you start reading with Ladybird books? Which one was your favourite? üêû #BookLoversDay https://t.co/eyne318ZQ6,8-9-2018,0.0,0.0,1.0,0.0
@BBC,74,No animal deserves this üòî https://t.co/CrOeon80ZD,8-9-2018,-0.296,0.0,0.645,0.355
@BBC,75,"üêå Created from the desiccated glands of sea snails, the colour purple has some pretty disgusting origins. 

üëë How d‚Ä¶ https://t.co/BdoXM4gvkJ",8-9-2018,0.2023,0.211,0.65,0.138
@BBC,76,"üì± ‚â† üì∏
Why mobile phone photos will never be 'real' photography. https://t.co/Vq01xjavlh",8-9-2018,0.0,0.0,1.0,0.0
@BBC,77,"üò®ü¶ñ Imagine coming face to face with this giant animatronic dinosaur! 
#WalkingWithDinosaurs https://t.co/cL5z3xQTwc",8-8-2018,0.0,0.0,1.0,0.0
@BBC,78,"""Literally two days before, I was sitting in the middle of the staff room putting the battery in the defibrillator.‚Ä¶ https://t.co/Ly6SrStA8c",8-8-2018,0.0,0.0,1.0,0.0
@BBC,79,‚ù§Ô∏è This mum wrote an emotional poem about caring for her daughter with mental health issues. https://t.co/wMi9iBZY47,8-8-2018,0.5859,0.242,0.758,0.0
@BBC,80,"More women than ever are ditching the pill and condoms in favour of ""long-acting reversible contraceptives"", includ‚Ä¶ https://t.co/l5wi0DBz4t",8-8-2018,0.4404,0.146,0.854,0.0
@BBC,81,"RT @BBCOne: We all have to choose sides. 

@Misskeeleyhawes and @_richardmadden star in #Bodyguard, a new drama from Line of Duty writer @j‚Ä¶",8-8-2018,0.0,0.0,1.0,0.0
@BBC,82,‚òïÔ∏è The debate that has plagued us all for years... https://t.co/uXD5FKliP9,8-8-2018,0.0,0.0,1.0,0.0
@BBC,83,"üèùüçπ‚òÄÔ∏è How to win at holidays.
Travel experts tell us how to hack your way to beachside bliss.
üëâ‚Ä¶ https://t.co/iSrzbdv2QY",8-8-2018,0.8779,0.373,0.627,0.0
@BBC,84,RT @BBCBreakfast: Vicki is incredible. We should all have an outlook like Vicki. üëè https://t.co/UNMB6p5hTD,8-8-2018,0.3612,0.161,0.839,0.0
@BBC,85,"üî•üå™ Firefighters have captured footage of this fire tornado - or ""firenado"". 
 It happens when winds mix with smoke‚Ä¶ https://t.co/GMM9hUCXlZ",8-8-2018,-0.4118,0.0,0.867,0.133
@BBC,86,"üí¶üò∫This is Maya the jaguar's very first swim! 
#InternationalCatDay https://t.co/IacZP3ltf3",8-8-2018,0.0,0.0,1.0,0.0
@BBC,87,"RT @bbcstories: ""They deserve to be happy"" 

This is what it‚Äôs like to care for a child with mental health issues. https://t.co/7eaD5eQX5p",8-8-2018,0.8555,0.343,0.657,0.0
@BBC,88,RT @BBCTheOneShow: Hayley Atwell‚Äôs ventriloquist skills are next level! üò± https://t.co/4MfoyraHyr,8-8-2018,0.0,0.0,1.0,0.0
@BBC,89,RT @BBCTheOneShow: That awks moment when Hayley Atwell used her gym bra for a hanky on stage. üé≠üò≥ https://t.co/L6KH4RZ2I1,8-8-2018,0.0,0.0,1.0,0.0
@BBC,90,"üòº Africa's smallest cat is also the world's deadliest. 
#InternationalCatDay https://t.co/DP9KPy0oMp",8-8-2018,0.0,0.0,1.0,0.0
@BBC,91,"RT @cbbc: The final series of ChuckleVision is now available on @BBCiPlayer: https://t.co/snbrqrxH4R

From us, to you üíõ

Thanks for all the‚Ä¶",8-8-2018,0.4404,0.127,0.873,0.0
@BBC,92,"Painting a different picture of homelessness. 
(via @BBCThree) https://t.co/hPeSJggWDe",8-8-2018,0.0,0.0,1.0,0.0
@BBC,93,New research has found that some of us are especially good judges of character... but only in specific circumstance‚Ä¶ https://t.co/2xkNx7VRBZ,8-8-2018,0.2724,0.099,0.901,0.0
@BBC,94,"Each year in the UK, the number of plastic straws from fast food meals alone could stretch the Great Wall of China‚Äô‚Ä¶ https://t.co/zd4RMEF1PD",8-8-2018,0.5267,0.197,0.73,0.073
@BBC,95,"Scientists reveal the wonders of Jupiter, using information from @NASA's Juno mission. üöÄ‚ú®

Horizon: Jupiter Reveale‚Ä¶ https://t.co/yZ0UQjp82Q",8-7-2018,0.0,0.0,1.0,0.0
@BBC,96,Ever wondered if your teeny tiny adorable cat is actually trying to kill you? ü§∑‚Äç‚ôÄÔ∏èüòº https://t.co/FyonKEdYPp,8-7-2018,-0.3612,0.146,0.639,0.215
@BBC,97,These dog cakes are unsettlingly realistic... üê∂üò≤ https://t.co/pZNff7c1em https://t.co/6RJs6kXkBK,8-7-2018,0.0,0.0,1.0,0.0
@BBC,98,"üòç The geometric patterns of Jupiter's polar storms are incredible. 

#Horizon: Jupiter Revealed | 9pm | @BBCTwo https://t.co/vFNTJEclKU",8-7-2018,0.0,0.0,1.0,0.0
@BBC,99,"üìö Your SQA results day survival guide. 
üëâ https://t.co/z1W70i38kd

#ExamResults https://t.co/3z6vvCxRQl",8-7-2018,0.0,0.0,1.0,0.0
@CBS,0,"How much does it cost to bury the truth? 

#OneDollar premieres August 30, exclusively on @cbsallaccess. https://t.co/zSE6hFWv5F",8-13-2018,0.3182,0.126,0.874,0.0
@CBS,1,New start times for @60Minutes 7:20ET/6:20CT @CBSBigBrother 8:20ET/7:20CT @NCISLA 9:20ET/8:20CT @Elementary_CBS 10:‚Ä¶ https://t.co/Op9VcDsREa,8-12-2018,0.0,0.0,1.0,0.0
@CBS,2,Clear your schedules for the 100th #PGAChamp! Stream the Final Round LIVE on @cbsallaccess at 2 PM ET across all de‚Ä¶ https://t.co/m6bH2pKTUN,8-12-2018,0.4389,0.126,0.874,0.0
@CBS,3,The fortune teller you‚Äôll meet this Saturday lived a life of luxury... by scamming her victims out of hundreds of t‚Ä¶ https://t.co/fJo6F2Eo5p,8-11-2018,-0.3182,0.0,0.897,0.103
@CBS,4,The 100th PGA Championship continues today! Stream it LIVE on @cbsallaccess at 2PM ET across all devices. Try 1 Wee‚Ä¶ https://t.co/jbMg06eOND,8-11-2018,0.4926,0.144,0.856,0.0
@CBS,5,"To celebrate the 100th PGA Championship, relive some of the tournament's greatest moments with Luke Wilson. 

Don't‚Ä¶ https://t.co/wUuB93smr4",8-10-2018,0.8957,0.419,0.581,0.0
@CBS,6,"RT @TrueCrimeCBS: When Glenn Walp and Steve Doran uncovered theft at the Los Alamos National Laboratory, they HAD to blow their whistles. W‚Ä¶",8-10-2018,0.0,0.0,1.0,0.0
@CBS,7,Want to create your own @CBSBigBrother or @TKOCBS meme using one the photos here? It‚Äôs your lucky day! Head over to‚Ä¶ https://t.co/JHJWykNkQT,8-9-2018,0.6696,0.255,0.745,0.0
@CBS,8,Time to celebrate! Your favorite Daytime shows will premiere with new seasons this fall. See all of the @CBSDaytime‚Ä¶ https://t.co/GNkK4Zf2kD,8-9-2018,0.7901,0.28,0.72,0.0
@CBS,9,"Love is in the air, and the water! International smash hit #LoveIsland is coming to CBS. https://t.co/nepabuNoSU https://t.co/Cxgvkv463u",8-8-2018,0.6696,0.209,0.791,0.0
@CBS,10,The Executive Producers of @CBSBigBrother are teaming up with @KingJames and @MavCarter for an unprecedented televi‚Ä¶ https://t.co/V88bDeHmQs,8-7-2018,0.0,0.0,1.0,0.0
@CBS,11,"RT @cbsallaccess: Executive Producer of Tell Me A Story, @kevwilliamson, says ""What I like about the show, there‚Äôs nothing else on TV like‚Ä¶",8-6-2018,0.3612,0.111,0.889,0.0
@CBS,12,RT @TheNeighborhood: Feel the love in this new teaser for #TheNeighborhood from the #CBS #TCA18! ü§ó https://t.co/rPmCozH5XP,8-6-2018,0.5411,0.219,0.683,0.098
@CBS,13,RT @TheNeighborhood: Find out why Cedric the Entertainer and the cast think #TheNeighborhood is the kind of show that everyone can relate t‚Ä¶,8-6-2018,0.3818,0.106,0.894,0.0
@CBS,14,That's all for our #CBS #TCA18 panels! Tune in this fall to watch all your favorite new shows. üôå https://t.co/hM85o9eRi8,8-6-2018,0.5093,0.155,0.845,0.0
@CBS,15,"RT @MagnumPICBS: ""If there was ever a time to bring back #MagnumPI, it's now."" - @PLenkov 
#CBS #TCA2018",8-5-2018,0.0,0.0,1.0,0.0
@CBS,16,"RT @MagnumPICBS: ""There are a lot of easter eggs from the original that fans from the original series will love, and they're peppered throu‚Ä¶",8-5-2018,0.8316,0.306,0.694,0.0
@CBS,17,"RT @MagnumPICBS: ""What we are trying to do is introduce the show to a new audience...it's going to open it up for anyone that's new and the‚Ä¶",8-5-2018,0.0,0.0,1.0,0.0
@CBS,18,"RT @MagnumPICBS: ""This has been my white whale since I was a kid. I always loved #MagnumPI. Putting words in Magnum's mouth is something I'‚Ä¶",8-5-2018,0.5994,0.157,0.843,0.0
@CBS,19,RT @MagnumPICBS: It's #MagnumPI time at the #CBS #TCA2018! Follow along as we live tweet the panel!,8-5-2018,0.0,0.0,1.0,0.0
@CBS,20,RT @happytogether: Thanks for following along! That concludes the #HappyTogether panel at the #CBS #TCA2018! @MagnumPICBS is up next!,8-5-2018,0.5826,0.173,0.827,0.0
@CBS,21,"RT @happytogether: Question: Even though you're not playing @Harry_Styles, did you do a Harry crash course?
@itsfelixwot: Absolutely not. C‚Ä¶",8-5-2018,-0.5093,0.0,0.798,0.202
@CBS,22,"RT @happytogether: ""The show is about marriage, it's about getting a bit older, it's about youthfulness, it's about something happening and‚Ä¶",8-5-2018,0.0,0.0,1.0,0.0
@CBS,23,"RT @happytogether: ""It's always good to have a little bit of truth in whatever you're making.""- @wayansjr 

#HappyTogether #CBS #TCA2018",8-5-2018,0.6041,0.225,0.775,0.0
@CBS,24,"RT @happytogether: ""I thought I was still young and cool until I met @itsfelixwot!"" -@AmberoniStevens #HappyTogether #CBS #TCA2018",8-5-2018,0.3802,0.147,0.853,0.0
@CBS,25,"RT @happytogether: ""We never wanted to create a show where people think ""Oh, did @Harry_Styles do that?"" -@benwinston on emphasizing that #‚Ä¶",8-5-2018,-0.2057,0.0,0.917,0.083
@CBS,26,RT @happytogether: .@wayansjr is quick to point out that the characters in #HappyTogether are fictional. #CBS #TCA2018,8-5-2018,0.0,0.0,1.0,0.0
@CBS,27,"RT @happytogether: ""@Harry_Styles became part of the family. We didn't want him to move out."" -@benwinston #CBS #HappyTogether #TCA18",8-5-2018,-0.0572,0.0,0.936,0.064
@CBS,28,"RT @happytogether: ""It's about Cooper who wants nothing but normality and a boring life, and Jake and Claire, who want more excitement."" -@‚Ä¶",8-5-2018,-0.3612,0.059,0.82,0.121
@CBS,29,"RT @happytogether: ""It's loosely inspired (by the time @Harry_Styles lived with @benwinston), because if we put what actually happened on t‚Ä¶",8-5-2018,0.4939,0.138,0.862,0.0
@CBS,30,RT @happytogether: It's time for the #HappyTogether panel at the #CBS #TCA18! Follow along here!,8-5-2018,0.0,0.0,1.0,0.0
@CBS,31,RT @GodFriendedMe: Thanks for following along during the #GodFriendedMe panel at #CBS #TCA18‚Äî@HappyTogether is up next!,8-5-2018,0.4926,0.175,0.825,0.0
@CBS,32,"RT @GodFriendedMe: ""You don't have to believe in God to believe in good."" üôå@JOEtheMORTON¬†#GodFriendedMe #CBS",8-5-2018,0.2732,0.123,0.877,0.0
@CBS,33,RT @GodFriendedMe: ‚ÄúIt‚Äôs incredibly important to us that we‚Äôre not a show that‚Äôs preachy or judgmental. Whether you believe or don‚Äôt believ‚Ä¶,8-5-2018,0.2716,0.095,0.905,0.0
@CBS,34,"RT @GodFriendedMe: ""Our feet are on the ground. Our characters are not angels, they‚Äôre not heavenly, they‚Äôre just real people. The 'opposin‚Ä¶",8-5-2018,-0.4973,0.0,0.867,0.133
@CBS,35,RT @GodFriendedMe: Follow along with us as we live-tweet the #GodFriendedMe panel at #CBS #TCA18 with stars @hall_m_brandon @violettbeane @‚Ä¶,8-5-2018,0.0,0.0,1.0,0.0
@CBS,36,"RT @cbsallaccess: From the writer of Scream, The Vampire Diaries and The Following, comes a modern day twist on classic fairy tales. 

#Tel‚Ä¶",8-5-2018,-0.4019,0.0,0.886,0.114
@CBS,37,"RT @cbsallaccess: Small town. Big murder. Follow the Money. 

#OneDollar premieres August 30, exclusively on CBS All Access. https://t.co/T‚Ä¶",8-5-2018,-0.6908,0.0,0.793,0.207
@CBS,38,RT @cbsallaccess: That's a wrap on the #TellMeAStory panel! @GodFriendedMe is up next! #TCA18 #CBSAllAccess,8-5-2018,0.0,0.0,1.0,0.0
@CBS,39,"RT @cbsallaccess: ""What I love about New York City - besides being the best city in the world - it's textural, it's real, it has everything‚Ä¶",8-5-2018,0.8555,0.286,0.714,0.0
@CBS,40,RT @cbsallaccess: Who's ready to see @KimCattrall play @daniellemcam's (AKA Little Red Riding Hood) grandmother? #TellMeAStory #TCA18 #CBSA‚Ä¶,8-5-2018,0.5994,0.234,0.766,0.0
@CBS,41,"RT @cbsallaccess: ""What I like about this show is that there's nothing else on TV like it right now."" -@kevwilliamson #TellMeAStory #TCA18‚Ä¶",8-5-2018,0.6124,0.208,0.792,0.0
@CBS,42,"RT @MurphyBrownCBS: According to Candice Bergen and Diane English, there's never been a more perfect time to revive #MurphyBrown! https://t‚Ä¶",8-5-2018,-0.2748,0.105,0.742,0.153
@CBS,43,"RT @MurphyBrownCBS: #MurphyBrown has always been a political show, and that won't change! Read on about how the show plans to cover hot top‚Ä¶",8-5-2018,0.0,0.0,1.0,0.0
@CBS,44,"RT @FBICBS: ""People are going to get a very realistic view of how that office operates and the stresses. It's a zero-tolerance FBI office.‚Ä¶",8-5-2018,-0.4588,0.0,0.875,0.125
@CBS,45,Stay tuned for more #CBS #TCA18 action! The @cbsallaccess panel is up next. üëçüèº https://t.co/fcjiEwpaN0,8-5-2018,0.0,0.0,1.0,0.0
@CBS,46,"RT @FBICBS: #FBIFam, this should cure your #SundayScaries! Check out the #FBI preview that was shown at the #CBS #TCA18 before the panel. h‚Ä¶",8-5-2018,0.0,0.0,1.0,0.0
@CBS,47,"RT @TheNeighborhood: ""Once we shot the pilot, we knew that we had a great show."" -@CedEntertainer #TheNeighborhood #CBS",8-5-2018,0.6249,0.204,0.796,0.0
@CBS,48,"RT @TheNeighborhood: ""It was so well done, as far as I was concerned, that it became a no brainer to do the show. I called the next morning‚Ä¶",8-5-2018,0.1384,0.098,0.823,0.079
@CBS,49,"RT @TheNeighborhood: ""This is a show about people. This is a show about families, neighbors, friendships... At its core, this is a show abo‚Ä¶",8-5-2018,0.0,0.0,1.0,0.0
@CBS,50,"RT @TheNeighborhood: We're here at the #CBS #TCA18 giving you the inside scoop on #TheNeighborhood with our stars @CedEntertainer, @Tichina‚Ä¶",8-5-2018,0.4588,0.182,0.818,0.0
@CBS,51,RT @MurphyBrownCBS: That's a wrap on the #MurphyBrown panel at #TCA18! @TheNeighborhood is up next! #CBS,8-5-2018,0.0,0.0,1.0,0.0
@CBS,52,"RT @MurphyBrownCBS: Diane English reveals ""We have an enormously famous person in our first episode,"" but keeps the secret under wraps! üôä #‚Ä¶",8-5-2018,0.0,0.0,1.0,0.0
@CBS,53,"RT @MurphyBrownCBS: Diane English talks about how to stay topically relevant while writing scripts ahead of time &amp; also said, ""We have an i‚Ä¶",8-5-2018,0.0,0.0,1.0,0.0
@CBS,54,RT @MurphyBrownCBS: All the feels! ‚ù§Ô∏è #MurphyBrown returns to #CBS this fall! https://t.co/OvQk3CV49W,8-5-2018,0.0,0.0,1.0,0.0
@CBS,55,"RT @MurphyBrownCBS: ""It's been very emotional for the old guys... We saw Murphy's townhouse and we all got tears in our eyes."" -Candice Ber‚Ä¶",8-5-2018,-0.0018,0.073,0.853,0.074
@CBS,56,"Stay tuned, because @MurphyBrownCBS is up next at the #CBS #TCA18! https://t.co/0qdjQiFrwW",8-5-2018,0.0,0.0,1.0,0.0
@CBS,57,"RT @FBICBS: ‚ÄúEven though I was scared to say yes, it was so clear you don‚Äôt say no. I knew I couldn‚Äôt say no. I couldn‚Äôt be more grateful,‚Ä¶",8-5-2018,-0.0602,0.182,0.599,0.219
@CBS,58,"RT @FBICBS: What's it like for @JeremySisto coming back to a Dick Wolf show?

""It's one of the most stable ships you can be on... It's exci‚Ä¶",8-5-2018,0.1761,0.16,0.735,0.105
@CBS,59,"RT @FBICBS: ""We're celebrating the troops on the ground... There are endless stories in there."" - Dick Wolf on why he wanted to focus the s‚Ä¶",8-5-2018,0.1027,0.123,0.767,0.11
@CBS,60,"RT @FBICBS: ‚ÄúIt‚Äôs really exciting to be here for the first time in a long, long, long, long time.‚Äù - Dick Wolf #CBS #TCA18",8-5-2018,0.0498,0.13,0.746,0.123
@CBS,61,Celebrate #NationalSistersDay with an iconic group of sisters! Watch how these three became part of The Brady Bunch‚Ä¶ https://t.co/nBVjxl4AbP,8-5-2018,0.6114,0.182,0.818,0.0
@CBS,62,RT @startrekcbs: Executive Producer Alex Kurtzman and @SirPatStew surprised fans today at #STLV with news that he will be returning to the‚Ä¶,8-4-2018,0.2263,0.083,0.917,0.0
@CBS,63,Watching a üíØ spin on @PriceIsRight never gets old‚Ä¶especially when it‚Äôs Mila Kunis! https://t.co/NPOukc3jPz,8-4-2018,0.0,0.0,1.0,0.0
@CBS,64,"RT @TrueCrimeCBS: The chances of successfully blowing the whistle are slim, but did a Wells Fargo personal banker beat the odds?

Find out‚Ä¶",8-3-2018,0.6124,0.24,0.76,0.0
@CBS,65,Celebrate #NationalAvocadoDay with @letsmakeadeal. ü•ë Relive this #LMAD moment when an avocado wins one amazing deal! https://t.co/QS8GLajWU5,7-31-2018,0.9098,0.469,0.531,0.0
@CBS,66,"Housewives. PTA moms. School volunteers. Starting TONIGHT, hear the stories of seemingly innocent women who put it‚Ä¶ https://t.co/5TA15OiTuh",7-28-2018,0.34,0.124,0.876,0.0
@CBS,67,"This is one allowance that can‚Äôt be beat! Kids are winning big this week on @PriceIsRight. üéâ
 https://t.co/lncKu9XvNo",7-25-2018,0.5707,0.187,0.813,0.0
@CBS,68,"Renowned artists Cher, Philip Glass, Reba McEntire, Wayne Shorter, and the co-creators of #Hamilton will be recogni‚Ä¶ https://t.co/PEjjI9MKE1",7-25-2018,0.0,0.0,1.0,0.0
@CBS,69,Who's excited for the return of @MurphyBrownCBS? Here's a behind-the-scenes look at the first table read of the sea‚Ä¶ https://t.co/1B5S4WJnCW,7-25-2018,0.34,0.118,0.882,0.0
@CBS,70,"Mark your calendars because you won‚Äôt want to miss this! Former Secretaries of State @HillaryClinton, @Madeleine, a‚Ä¶ https://t.co/JKDPp97OqN",7-24-2018,-0.1511,0.068,0.834,0.099
@CBS,71,The cast couldn‚Äôt be more excited to welcome @ansonmount into the @startrekcbs family! Who‚Äôs ready to see the iconi‚Ä¶ https://t.co/fOS4f4VCb2,7-23-2018,0.8293,0.34,0.66,0.0
@CBS,72,RT @startrekcbs: Stream the full panel &amp; learn all the exclusive details revealed about season 2 of #StarTrekDiscovery at @Comic_Con: https‚Ä¶,7-22-2018,0.128,0.073,0.927,0.0
@CBS,73,RT @MagnumPICBS: Couldn't make it to San Diego for the #MagnumPI panel? Here's everything you missed at #SDCC2018: https://t.co/Z7IBqF1YJ8‚Ä¶,7-21-2018,-0.296,0.0,0.891,0.109
@CBS,74,RT @bigbangtheory: The #BigBangTheory writers teased a honeymoon episode and more @YoungSheldon characters in Season 12 while speaking at #‚Ä¶,7-21-2018,-0.296,0.0,0.891,0.109
@CBS,75,"RT @TrueCrimeCBS: When you find out you‚Äôve been treated with chemo, but you don‚Äôt have cancer. #Whistleblower https://t.co/DAKwu1vcNX",7-21-2018,-0.7964,0.0,0.736,0.264
@CBS,76,George blew the whistle on a doctor targeting those who believed they had cancer. What was the outcome? Find out to‚Ä¶ https://t.co/rLlNzlK3Cy,7-20-2018,-0.6597,0.0,0.82,0.18
@CBS,77,"RT @startrekcbs: Discover the next adventure of Starfleet in this first look at the season 2 premiere, coming early 2019. Season 1 is now s‚Ä¶",7-20-2018,0.3182,0.095,0.905,0.0
@CBS,78,Take a trip down memory lane with the cast and crew of @MagnumPICBS at #SDCC2018! https://t.co/jHVxm7kyaT,7-20-2018,0.0,0.0,1.0,0.0
@CBS,79,"This @cbsallaccess series is unlike any fairy tale you've ever seen before. @paulwesley, @kevwilliamson &amp;‚Ä¶ https://t.co/icsSnPxKAr",7-20-2018,0.0,0.0,1.0,0.0
@CBS,80,ü§∞üë©‚Äçüëßüö´üç∏ #WorldEmojiDay,7-17-2018,0.0,0.0,1.0,0.0
@CBS,81,üë®üìù‚úîÔ∏è¬†#WorldEmojiDay,7-17-2018,0.0,0.0,1.0,0.0
@CBS,82,üë©‚Äçüíºüíºüá∫üá∏¬†#WorldEmojiDay,7-17-2018,0.0,0.0,1.0,0.0
@CBS,83,üïµÔ∏èüïµÔ∏è‚Äç‚ôÄÔ∏è¬†#WorldEmojiDay,7-17-2018,0.0,0.0,1.0,0.0
@CBS,84,‚öìÔ∏èü¶Öüá∫üá∏¬†#WorldEmojiDay,7-17-2018,0.0,0.0,1.0,0.0
@CBS,85,üèÑüå¥üöî¬†#WorldEmojiDay,7-17-2018,0.0,0.0,1.0,0.0
@CBS,86,üíôüëÆüçΩ¬†#WorldEmojiDay,7-17-2018,0.0,0.0,1.0,0.0
@CBS,87,üí£üìé¬†#WorldEmojiDay,7-17-2018,0.0,0.0,1.0,0.0
@CBS,88,üåé‚òÑÔ∏è¬†#WorldEmojiDay,7-17-2018,0.0,0.0,1.0,0.0
@CBS,89,üè∑üí∞üé∞¬†#WorldEmojiDay,7-17-2018,0.0,0.0,1.0,0.0
@CBS,90,üë∂üò¥üö´¬†#WorldEmojiDay,7-17-2018,0.0,0.0,1.0,0.0
@CBS,91,ü§ùüíºüí∞¬†#WorldEmojiDay,7-17-2018,0.0,0.0,1.0,0.0
@CBS,92,üíÑüë†üì∑¬†#WorldEmojiDay,7-17-2018,0.0,0.0,1.0,0.0
@CBS,93,üèùüî•üíµ¬†#WorldEmojiDay,7-17-2018,0.0,0.0,1.0,0.0
@CBS,94,üêÆ‚öñÔ∏è¬†#WorldEmojiDay,7-17-2018,0.0,0.0,1.0,0.0
@CBS,95,üè†üìπüìπüìπ¬†#WorldEmojiDay,7-17-2018,0.0,0.0,1.0,0.0
@CBS,96,üë∂üí•üåéüî¨¬†#WorldEmojiDay,7-17-2018,0.0,0.0,1.0,0.0
@CBS,97,üí•üåéüî¨¬†#WorldEmojiDay,7-17-2018,0.0,0.0,1.0,0.0
@CBS,98,Celebrate #WorldEmojiDay with a fun game! Use the emoji sequences below to guess the CBS show. üëá Tweet your respons‚Ä¶ https://t.co/LCqvuVtkXK,7-17-2018,0.807,0.3,0.7,0.0
@CBS,99,"Stand up. Speak up. Blow the whistle. 

Don't miss the premiere of the @TrueCrimeCBS series #Whistleblower tonight‚Ä¶ https://t.co/uNhx4Codc2",7-13-2018,0.1139,0.078,0.922,0.0
@CNN,0,The Florida man who fatally shot Markeis McGlockton after McGlockton shoved him in a convenience store parking lot‚Ä¶ https://t.co/zmHnPmxfPs,8-13-2018,-0.6369,0.0,0.802,0.198
@CNN,1,"Everest is the world's tallest mountain ‚Äî but it's also been called ""the world's highest rubbish dump""‚Ä¶ https://t.co/ul8LwpvOEP",8-13-2018,0.0,0.0,1.0,0.0
@CNN,2,"President Trump signed the National Defense Authorization Act, named after Arizona Sen. John McCain, but the Presid‚Ä¶ https://t.co/QUdQdgjoF6",8-13-2018,0.0644,0.068,0.932,0.0
@CNN,3,White House paranoia deepens after Omarosa tapes https://t.co/QcclzdYz8h https://t.co/BVDG73QwC5,8-13-2018,-0.25,0.0,0.8,0.2
@CNN,4,"Russian officials were ""pleased"" with the Helsinki summit between Presidents Trump and Putin, US and Western intell‚Ä¶ https://t.co/hagalQeeIH",8-13-2018,0.0,0.0,1.0,0.0
@CNN,5,"RT @TheLeadCNN: ""The President's character assassination of a former senior WH official begs the question, if she's so horrific, what was O‚Ä¶",8-13-2018,-0.8889,0.0,0.666,0.334
@CNN,6,Reddit's co-founder knows trolls. He has advice moderating the noise. https://t.co/84ObbOfYDK https://t.co/GWYBSfcsaz,8-13-2018,0.0,0.0,1.0,0.0
@CNN,7,Mollie Tibbetts is still missing after nearly 4 weeks. Investigators hope a website will help in the search.‚Ä¶ https://t.co/NH04Xd1zOf,8-13-2018,0.5267,0.257,0.642,0.101
@CNN,8,EXCLUSIVE: Six senators ask the Department of Homeland Security to review immigrant detainee labor at for-profit fa‚Ä¶ https://t.co/1fYxustQQ6,8-13-2018,0.5622,0.225,0.775,0.0
@CNN,9,"President Trump signs McCain defense measure, but doesn't thank Sen. McCain https://t.co/EZmqLKbf3F https://t.co/2JQQrcDfRV",8-13-2018,-0.3432,0.084,0.738,0.179
@CNN,10,"In the CNN podcast series ‚ÄúRBG: Beyond Notorious,‚Äù @PoppyHarlowCNN and @JeffreyToobin go behind the scenes of the C‚Ä¶ https://t.co/ugYE77Oevk",8-13-2018,0.0,0.0,1.0,0.0
@CNN,11,"Once the kids are tucked in, this Indiana dad spends hours hunting Russian trolls https://t.co/dZsqRjiD5u https://t.co/UqXevUXy2X",8-13-2018,0.0,0.0,1.0,0.0
@CNN,12,This Democratic candidate could become the first transgender governor in the US https://t.co/f9RMhHepzn https://t.co/7oFWXzrG3E,8-13-2018,0.0,0.0,1.0,0.0
@CNN,13,Can we please stop comparing Michael Avenatti to Donald Trump? https://t.co/9TnILfS6uv | Analysis by Chris Cillizza https://t.co/BCN8aAZZpr,8-13-2018,0.0258,0.124,0.757,0.119
@CNN,14,"President Trump just signed the National Defense Authorization Act, named after Arizona Sen. John McCain, but the P‚Ä¶ https://t.co/cpJLks86U3",8-13-2018,0.0644,0.065,0.935,0.0
@CNN,15,"For the first time in a lifetime, a wave of Democratic candidates are proudly calling themselves socialists. But wh‚Ä¶ https://t.co/5oz8nJOSLF",8-13-2018,0.5574,0.175,0.825,0.0
@CNN,16,Chile's Easter Island is limiting tourism in an effort to focus on preservation https://t.co/fhVJ5tvTAw https://t.co/rq59EVxtYC,8-13-2018,0.0,0.0,1.0,0.0
@CNN,17,A government watchdog group is calling for the Commerce Department's inspector general to investigate whether Secre‚Ä¶ https://t.co/3cToveKbmR,8-13-2018,0.0,0.0,1.0,0.0
@CNN,18,An attorney for one of the 5 adults arrested after 11 malnourished children were discovered on a New Mexico compoun‚Ä¶ https://t.co/srPPR1n4H5,8-13-2018,-0.4767,0.0,0.853,0.147
@CNN,19,"If Domino's and Pizza Hut can't win you over with their pizza, they'll try to get you with these flashy stunts‚Ä¶ https://t.co/lkbmGZdOFj",8-13-2018,-0.4717,0.0,0.872,0.128
@CNN,20,These are the unexpected effects of climate change https://t.co/8pcym6SvdM https://t.co/xhKFT7emzT,8-13-2018,0.0,0.0,1.0,0.0
@CNN,21,Papa John's is helping out franchisees struggling after the company's PR crisis https://t.co/OvQ73f5Smn https://t.co/NW0H9pbO3F,8-13-2018,-0.6908,0.109,0.547,0.343
@CNN,22,How Confederate history looks in the shadow of Charlottesville https://t.co/zW1RwUqmnl (via @CNNOpinion) https://t.co/uYcMaNVI8e,8-13-2018,0.0,0.0,1.0,0.0
@CNN,23,Why did 2 of President Trump's aides feel the need to record him? https://t.co/PILGBiTmyx | Analysis by Z. Byron Wo‚Ä¶ https://t.co/fuqwN8ZTpL,8-13-2018,0.0,0.0,1.0,0.0
@CNN,24,President Trump is delivering remarks at a signing ceremony for a defense bill after former aide Omarosa Manigault‚Ä¶ https://t.co/jRJqZvs67D,8-13-2018,0.128,0.086,0.914,0.0
@CNN,25,"Koalas are high-strung animals, so Tanami, a 19-month-old Queensland koala, got a row of seats to himself‚Ä¶ https://t.co/gLtoZXikVB",8-13-2018,0.0,0.0,1.0,0.0
@CNN,26,Corporate America is raking in fat profits. Will it last? https://t.co/0m9vrOPN1T https://t.co/69vGjUE9EW,8-13-2018,0.4404,0.209,0.791,0.0
@CNN,27,Democratic Rep. Keith Ellison is denying allegations that he physically abused an ex-girlfriend‚Ä¶ https://t.co/f5Kjx19DdV,8-13-2018,-0.6908,0.0,0.678,0.322
@CNN,28,He left her tied to a bed while he killed 26 people. But the widow of the Sutherland Springs church shooter says sh‚Ä¶ https://t.co/K6KikwMxAB,8-13-2018,-0.6705,0.0,0.83,0.17
@CNN,29,"The man authorities believe is the Golden State Killer will face yet another murder charge, authorities say‚Ä¶ https://t.co/Qj0cloMI3l",8-13-2018,-0.875,0.0,0.64,0.36
@CNN,30,"The Baltimore police officer caught on video punching a man for 12 seconds has ""a history of antagonizing and aggra‚Ä¶ https://t.co/4eFV34xsjj",8-13-2018,-0.5719,0.0,0.837,0.163
@CNN,31,She's CEO of Citi Latin America and helped rebuild the bank's reputation following the 2008 financial crisis. Could‚Ä¶ https://t.co/deUGNm7xSt,8-13-2018,-0.6249,0.0,0.814,0.186
@CNN,32,"Everest is the world's tallest mountain ‚Äî but it's also been called ""the world's highest rubbish dump""‚Ä¶ https://t.co/APssEg3G5k",8-13-2018,0.0,0.0,1.0,0.0
@CNN,33,Republican Rep. Tom Garrett says FBI officials told him and other members of Congress that Russian actors were atte‚Ä¶ https://t.co/jfsNSgDQn9,8-13-2018,0.0,0.0,1.0,0.0
@CNN,34,Ohio Gov. John Kasich responds to President Trump's Twitter attack with a laughing Putin GIF https://t.co/nOchvBbZfk https://t.co/3gZ882M2nk,8-13-2018,0.0258,0.158,0.69,0.153
@CNN,35,Why the firing of Peter Strzok changes the Russia investigation less than you think | Analysis by @CillizzaCNN‚Ä¶ https://t.co/RzetlJxEXY,8-13-2018,-0.34,0.0,0.876,0.124
@CNN,36,Citigroup Latin America CEO Jane Fraser helped the bank rebuild its reputation following the 2008 financial crisis.‚Ä¶ https://t.co/G2iJ9cDPaY,8-13-2018,0.0,0.0,1.0,0.0
@CNN,37,"Fire ripped through a hospital in Taiwan, killing at least nine people and injuring more than a dozen, authorities‚Ä¶ https://t.co/KOfWVIjBTY",8-13-2018,-0.7783,0.0,0.702,0.298
@CNN,38,The Florida man who fatally shot Markeis McGlockton after McGlockton shoved him in a convenience store parking lot‚Ä¶ https://t.co/xo8Kg7JAya,8-13-2018,-0.6369,0.0,0.802,0.198
@CNN,39,The world's biggest human catapult flings you out over the mountains of New Zealand at nearly 62 miles an hour‚Ä¶ https://t.co/NPDX7vKI10,8-13-2018,0.0,0.0,1.0,0.0
@CNN,40,More than 300 people were injured after a wooden platform collapsed at a music festival in Spain on Sunday‚Ä¶ https://t.co/URkGJ6ZVY1,8-13-2018,-0.1531,0.139,0.652,0.209
@CNN,41,A potential US boycott of Harley-Davidson has garnered support from President Trump. Will it affect the company‚Äôs b‚Ä¶ https://t.co/mQF8uYuXrh,8-13-2018,0.1027,0.129,0.762,0.11
@CNN,42,Apple may soon have some company in the trillion dollar club. Amazon is worth about $940 billion.‚Ä¶ https://t.co/OkQmyHYCqT,8-13-2018,0.3818,0.184,0.816,0.0
@CNN,43,Here's what we know about the New Mexico compound suspects: https://t.co/sDuEUearVM https://t.co/Hn6G8IFZWW,8-13-2018,-0.34,0.0,0.821,0.179
@CNN,44,"Rwanda is spending millions of dollars to sponsor Arsenal, one of the UK's richest football clubs -- even though th‚Ä¶ https://t.co/WYdaGV9cmT",8-13-2018,0.5267,0.145,0.855,0.0
@CNN,45,A female orca whale who swam with the body of her dead calf for more than two weeks has stopped carrying the carcas‚Ä¶ https://t.co/COuBazJDYg,8-13-2018,-0.7351,0.0,0.772,0.228
@CNN,46,The death toll from the 6.9-magnitude earthquake that hit the Indonesian island of Lombok more than a week ago has‚Ä¶ https://t.co/xNFDeyv4BD,8-13-2018,-0.5994,0.0,0.83,0.17
@CNN,47,"JUST IN: The FBI has fired Peter Strzok, an agent who was removed from the Russia probe last year for sending text‚Ä¶ https://t.co/HfETigvXe4",8-13-2018,-0.5574,0.0,0.859,0.141
@CNN,48,"A Yemeni schoolboy filmed his fellow students celebrating their graduation from summer school. Within hours, he and‚Ä¶ https://t.co/uUj3h9BGbU",8-13-2018,0.5719,0.188,0.812,0.0
@CNN,49,"They. Them. Theirs.

These pronouns are becoming increasingly important in the workplace. https://t.co/YhgjY1MApJ",8-13-2018,0.2023,0.13,0.87,0.0
@CNN,50,"The trial of former Trump campaign chairman Paul Manafort resumes this afternoon, as prosecutors' arguments spill i‚Ä¶ https://t.co/tYmf68rYjo",8-13-2018,-0.4019,0.0,0.863,0.137
@CNN,51,The son of a prominent House Republican says that he is supporting the Democratic candidate to succeed his father -‚Ä¶ https://t.co/bB82hg7xcI,8-13-2018,0.8126,0.331,0.669,0.0
@CNN,52,These two sisters have explored dozens of hidden gems around India. Now they lead female-only tours to encourage ot‚Ä¶ https://t.co/jTIMKCAv4Q,8-13-2018,0.5106,0.148,0.852,0.0
@CNN,53,President Trump appeared to be unaware that Omarosa Manigault Newman was fired by White House chief of staff John K‚Ä¶ https://t.co/QLbAihD12V,8-13-2018,-0.6597,0.0,0.779,0.221
@CNN,54,She's CEO of Citigroup's Latin America operations and helped rebuild the bank's reputation following the 2008 finan‚Ä¶ https://t.co/kMB1qFKNGi,8-13-2018,0.0,0.0,1.0,0.0
@CNN,55,This is one of the most densely populated islands in the world. But there are no police. There are no hotels. And t‚Ä¶ https://t.co/U6rDEbyIVx,8-13-2018,-0.5267,0.0,0.833,0.167
@CNN,56,She's CEO of Citigroup's Latin America operations and helped rebuild the bank's reputation following the 2008 finan‚Ä¶ https://t.co/nojP4XwYdi,8-13-2018,0.0,0.0,1.0,0.0
@CNN,57,"Elon Musk, who tweeted last week that he had ""funding secured"" to take Tesla private, says he was referring to conv‚Ä¶ https://t.co/BDHibaYI1i",8-13-2018,0.4019,0.114,0.886,0.0
@CNN,58,"It's shockingly easy for an airline employee to steal a plane, a former airline pilot says https://t.co/DTvWTeBg6N https://t.co/evpYCuXOUy",8-13-2018,-0.25,0.139,0.625,0.236
@CNN,59,"Rwanda is spending millions of dollars to sponsor Arsenal, one of the UK's richest football clubs -- even though th‚Ä¶ https://t.co/xQOmAhlMj1",8-13-2018,0.5267,0.145,0.855,0.0
@CNN,60,Lindsay Lohan has apologized for the comments she made about the #MeToo movement https://t.co/xbAS5sgLdp https://t.co/HOzNYoipAG,8-13-2018,0.3182,0.141,0.859,0.0
@CNN,61,More than 300 people were injured after a wooden platform collapsed at a music festival in Spain on Sunday‚Ä¶ https://t.co/egwwIsPI9L,8-13-2018,-0.1531,0.139,0.652,0.209
@CNN,62,This story has been updated to clarify that the two tourists involved were from Taiwan https://t.co/Zxe2VmHivy,8-13-2018,0.0,0.0,1.0,0.0
@CNN,63,"India's ""pink city"" is an Instagrammer's paradise https://t.co/7GAXE4T1oX https://t.co/umxfGtw655",8-13-2018,0.6369,0.344,0.656,0.0
@CNN,64,"New video, taken by one of the Yemeni schoolboys killed in a Saudi-led coalition airstrike on a school bus last wee‚Ä¶ https://t.co/QHV9YLwfKr",8-13-2018,-0.6705,0.0,0.809,0.191
@CNN,65,"Fire ripped through a hospital in Taiwan, killing at least nine people and injuring more than a dozen, authorities‚Ä¶ https://t.co/yqzQ14h2D1",8-13-2018,-0.7783,0.0,0.702,0.298
@CNN,66,"Today's top business headlines with @ChristineRomans before the opening bell on Wall Street:

- Turkey‚Äôs currency c‚Ä¶ https://t.co/3UZw07KviA",8-13-2018,0.2023,0.101,0.899,0.0
@CNN,67,"A hippopotamus attacked and killed a Chinese tourist in Kenya over the weekend, according to the Kenya Wildlife Ser‚Ä¶ https://t.co/wigkOecp8j",8-13-2018,-0.8176,0.0,0.681,0.319
@CNN,68,A Florida state house candidate's college degree has been called into question -- by the very university that she c‚Ä¶ https://t.co/OJcBQlLv2A,8-13-2018,0.0,0.0,1.0,0.0
@CNN,69,RT @NewDay: The FBI has located human remains inside the wreckage of an airplane stolen by an airline employee in Seattle. Investigators ha‚Ä¶,8-13-2018,-0.4939,0.0,0.873,0.127
@CNN,70,A female orca whale who swam with the body of her dead calf for more than two weeks has stopped carrying the carcas‚Ä¶ https://t.co/f4eL9L25KR,8-13-2018,-0.7351,0.0,0.772,0.228
@CNN,71,A sheriff in New Mexico walked out of a CNN interview after defending his decision not to search a squalid compound‚Ä¶ https://t.co/6qT2AS0RyF,8-13-2018,0.0,0.0,1.0,0.0
@CNN,72,"5 things for Monday:

- White nationalist rally
- Turkey
- White House
- Stolen plane
- Maryland football‚Ä¶ https://t.co/x8yzAin6rG",8-13-2018,-0.4939,0.0,0.802,0.198
@CNN,73,The death toll from the 6.9-magnitude earthquake that hit the Indonesian island of Lombok more than a week ago has‚Ä¶ https://t.co/n3oFeVYlae,8-13-2018,-0.5994,0.0,0.83,0.17
@CNN,74,"All aboard the Maharajas' Express, one of the most luxurious trains in the world https://t.co/EuVEWgTYVw https://t.co/UKC5JiKubW",8-13-2018,0.0258,0.068,0.932,0.0
@CNN,75,A dying teenager's parents begged for her to be sent to the Mayo Clinic. The family says the world-renowned hospita‚Ä¶ https://t.co/arUHjjv8Y6,8-13-2018,0.0,0.0,1.0,0.0
@CNN,76,President Trump's Supreme Court pick Brett Kavanaugh calls Antonin Scalia a 'role model' and a 'judicial hero'‚Ä¶ https://t.co/W9KrTsezdH,8-13-2018,0.5574,0.194,0.806,0.0
@CNN,77,President Trump encourages boycott against Harley-Davidson https://t.co/QhID2kqBVd https://t.co/64agv5hd5J,8-13-2018,0.1531,0.259,0.536,0.205
@CNN,78,"Omarosa is the latest defector from Trump's ""cult"" | Michael D'Antonio for @CNNOpinion  https://t.co/7nCPiIBnem https://t.co/bstlerlK0k",8-13-2018,-0.4404,0.0,0.818,0.182
@CNN,79,This architecture is worth the hike https://t.co/SGezRenpl0 via @CNNstyle https://t.co/Acn7R5cyGr,8-13-2018,0.2263,0.174,0.826,0.0
@CNN,80,"Kellyanne Conway, a counselor to President Trump, struggled to name an African-American person in a prominent White‚Ä¶ https://t.co/7oE6vly9wg",8-13-2018,-0.0258,0.123,0.749,0.128
@CNN,81,"India's ""pink city"" is an Instagrammer's paradise https://t.co/0ex8qhCeiH https://t.co/YdqvpoLozP",8-13-2018,0.6369,0.344,0.656,0.0
@CNN,82,Lindsay Lohan has apologized for the comments she made about the #MeToo movement https://t.co/kSXkIfydnI,8-13-2018,0.3182,0.15,0.85,0.0
@CNN,83,A hippo attacked and killed a tourist who was taking photos of it in Kenya https://t.co/nofB0nN2d2,8-13-2018,-0.8176,0.0,0.615,0.385
@CNN,84,"The ""Crazy Rich Asians"" guide to Singapore: https://t.co/siaZqw4DU4 https://t.co/Ssn4SHcNB7",8-13-2018,0.296,0.277,0.538,0.185
@CNN,85,"New video, taken by one of the Yemeni schoolboys killed in a Saudi-led coalition airstrike on a school bus last wee‚Ä¶ https://t.co/Dp9FvdzIzJ",8-13-2018,-0.6705,0.0,0.809,0.191
@CNN,86,Omarosa's secret recording is not surprising given that President Trump has set a dangerous example by flouting sec‚Ä¶ https://t.co/ypXJfYBEQH,8-13-2018,-0.6012,0.0,0.765,0.235
@CNN,87,"It's shockingly easy for an airline employee to steal a plane, says a former pilot  https://t.co/yjtPX23zPL https://t.co/VEr9snlrDe",8-13-2018,-0.25,0.146,0.606,0.247
@CNN,88,Americans are spending like crazy https://t.co/E01M3mx1Oh https://t.co/pPWV7ORtRR,8-13-2018,0.0258,0.253,0.505,0.242
@CNN,89,"For decades, mystery has swirled around what happened to the founding population of the remote Easter Island. A new‚Ä¶ https://t.co/xmC2c8GlSW",8-13-2018,0.0,0.0,1.0,0.0
@CNN,90,"A fire ripped through a hospital in Taiwan, killing at least nine people and injuring more than dozen, authorities‚Ä¶ https://t.co/18UXKrDfmc",8-13-2018,-0.7783,0.0,0.702,0.298
@CNN,91,"The mega mall will be the largest leasable retail space in the world, spanning over 100 soccer fields in size https://t.co/jaCvM8iNsD",8-13-2018,0.0,0.0,1.0,0.0
@CNN,92,"Afghan forces confront Taliban militants in the city of Ghazni, days after the Taliban launched a brazen attack on‚Ä¶ https://t.co/yzaT9ibsYN",8-13-2018,-0.5106,0.067,0.717,0.215
@CNN,93,"Firefighters battling more than a dozen fires in California made major progress over the weekend. 

The Holy Fire w‚Ä¶ https://t.co/FpRgk6xpuC",8-13-2018,-0.1779,0.12,0.687,0.193
@CNN,94,"""We will not give in... if you come at us with your dollars then we will find other ways to do business.""

Turkey's‚Ä¶ https://t.co/GSRIoGm1JL",8-13-2018,0.0,0.0,1.0,0.0
@CNN,95,"South Korean President Moon Jae-in is going to meet North Korea's Kim Jong Un in Pyongyang in September, according‚Ä¶ https://t.co/S7QPhkvoaN",8-13-2018,0.0,0.0,1.0,0.0
@CNN,96,The utter collapse of Donald Trump's 'best people' boast | Analysis by @CillizzaCNN https://t.co/RYEFkWE9oF https://t.co/57i05inTVH,8-13-2018,0.25,0.216,0.619,0.165
@CNN,97,"The leaders of North and South Korea will hold a second summit in Pyongyang in September, according to the South Ko‚Ä¶ https://t.co/fXzWzg5VMc",8-13-2018,0.0,0.0,1.0,0.0
@CNN,98,"RT @cnni: BREAKING: The leaders of North and South Korea will hold a second summit in Pyongyang in September, according to the South Korean‚Ä¶",8-13-2018,0.0,0.0,1.0,0.0
@CNN,99,A female orca whale who swam with the body of her dead calf for more than two weeks has stopped carrying the carcas‚Ä¶ https://t.co/IyVz6klGz4,8-13-2018,-0.7351,0.0,0.772,0.228
@FoxNews,0,".@POTUS: ""More Americans are now employed than ever recorded before in our history."" https://t.co/ziei2Lx1tC",8-13-2018,0.0,0.0,1.0,0.0
@FoxNews,1,".@POTUS makes remarks at a joint fundraising committee reception in Utica, NY. https://t.co/IjbFxctusm",8-13-2018,0.0,0.0,1.0,0.0
@FoxNews,2,"Tuesday's primaries test gubernatorial hopefuls, embattled @keithellison: Races to watch https://t.co/NGo9MjR7ug",8-13-2018,0.0,0.0,1.0,0.0
@FoxNews,3,Emails Show MA High School Teachers Refusing to Hide Anti-Trump Bias @foxandfriends https://t.co/Evp8qWl505,8-13-2018,-0.5859,0.0,0.633,0.367
@FoxNews,4,"Zika, West Nile virus reported in Alabama, health department warns https://t.co/S1ZDzhv7tq",8-13-2018,-0.1027,0.0,0.877,0.123
@FoxNews,5,'Until the Kneeling Happened': FL Police Union Official Backs Call to Return @NFL Tickets Over Protests‚Ä¶ https://t.co/Rq2JVv25b6,8-13-2018,-0.0516,0.0,0.93,0.07
@FoxNews,6,Breaking News: Prosecution rests case against Paul Manafort https://t.co/esS9KdCgGR,8-13-2018,-0.4939,0.0,0.714,0.286
@FoxNews,7,President @realDonaldTrump and Maj. Gen. Walter Piatt view air assault exercises at Fort Drum before a signing cere‚Ä¶ https://t.co/ia4iPnCkDT,8-13-2018,-0.5859,0.0,0.817,0.183
@FoxNews,8,"Fired FBI agent Peter Strzok sets up anti-Trump Twitter account, GoFundMe page seeking $150G https://t.co/KfFXRpPpYG",8-13-2018,-0.5574,0.0,0.795,0.205
@FoxNews,9,"""We don't feel that the public is at risk...Certainly that's something that people are concerned about. We understa‚Ä¶ https://t.co/lncEBBg4zh",8-13-2018,0.0,0.0,1.0,0.0
@FoxNews,10,"""We encourage you to provide whatever information you may have."" ‚Äî Officials provide an update on the search for Mo‚Ä¶ https://t.co/R8r42RNJlH",8-13-2018,0.5106,0.148,0.852,0.0
@FoxNews,11,"""It is possible that Mollie came into contact with someone who has caused her harm."" ‚Äî Officials provide an update‚Ä¶ https://t.co/fibtcHFVNf",8-13-2018,0.0,0.0,1.0,0.0
@FoxNews,12,"Omarosa's revenge: Book trashes 'moblike' Trump, exposes family drama, bashes ex-colleagues (via @brookefoxnews) https://t.co/sjeU4gkcgg",8-13-2018,-0.5994,0.0,0.71,0.29
@FoxNews,13,".@POTUS: ""I don't know if you see it, but America is respected again."" https://t.co/6i46CJZsHB",8-13-2018,0.631,0.242,0.758,0.0
@FoxNews,14,".@POTUS on U.S. Space Force: ""Just like the air, the land, the sea, space has become a war-fighting domain. It is n‚Ä¶ https://t.co/fc6AVhVRB3",8-13-2018,0.3612,0.106,0.894,0.0
@FoxNews,15,Officials hold a news conference to give an update on the Mollie Tibbetts‚Äô Missing Persons Investigation.  https://t.co/B2QyM5UGrE,8-13-2018,-0.296,0.0,0.872,0.128
@FoxNews,16,".@POTUS on remains returning from North Korea: ""Now these American heroes are finally starting to come home. They w‚Ä¶ https://t.co/J97c4x2up9",8-13-2018,0.5106,0.148,0.852,0.0
@FoxNews,17,.@ShepNewsTeam is live with the ‚ÄòFox News Update‚Äô on Facebook Watch: https://t.co/hNrB8xzepH https://t.co/HS0dE1gFr2,8-13-2018,0.0,0.0,1.0,0.0
@FoxNews,18,".@POTUS: ""We're spending a tremendous amount of money on our nuclear arsenal...We will hopefully never, ever have t‚Ä¶ https://t.co/PcFrDsON9D",8-13-2018,0.4019,0.137,0.863,0.0
@FoxNews,19,President @realdonaldtrump signs the John McCain National Defense Authorization Act for the Fiscal Year 2019 during‚Ä¶ https://t.co/MDvlEc5wiQ,8-13-2018,0.128,0.086,0.914,0.0
@FoxNews,20,".@POTUS: ""We will replace aging tanks, aging planes and ships with the most advanced and lethal technology ever dev‚Ä¶ https://t.co/Ka9UiqLWO9",8-13-2018,0.3167,0.108,0.892,0.0
@FoxNews,21,".@POTUS: ""America is a peaceful nation, but if conflict is forced upon us, we will fight and we will win."" https://t.co/W77kpoBrh7",8-13-2018,-0.85,0.074,0.562,0.364
@FoxNews,22,".@POTUS: ""We got $700 billion and next year, already approved, we have $716 billion to give you the finest planes a‚Ä¶ https://t.co/pRhkGVaw4Z",8-13-2018,0.4215,0.118,0.882,0.0
@FoxNews,23,".@POTUS: ""No enemy on Earth can match the strength, courage and skill of the American Army and the American Armed F‚Ä¶ https://t.co/G2zU3evJZq",8-13-2018,0.1779,0.213,0.598,0.189
@FoxNews,24,".@POTUS: ""I went to Congress. I said...we're going to strengthen our military like never, ever before, and that's w‚Ä¶ https://t.co/aTl2xbigvQ",8-13-2018,0.5859,0.22,0.78,0.0
@FoxNews,25,".@POTUS: ""I'm here today to sign our new defense bill into law and to pay tribute to the greatest soldiers in the h‚Ä¶ https://t.co/09KaoeRz1d",8-13-2018,0.6486,0.203,0.747,0.05
@FoxNews,26,"""Nobody stands a chance against you folks."" ‚Äî @POTUS addresses service members at Fort Drum https://t.co/XbnWYjrs2P",8-13-2018,0.25,0.133,0.867,0.0
@FoxNews,27,.@POTUS delivers remarks and participates in signing ceremony   https://t.co/NWIFzvNCTr,8-13-2018,0.0,0.0,1.0,0.0
@FoxNews,28,.@VP Mike Pence delivers remarks before @POTUS signs military spending bill  https://t.co/upGXfYuCp6,8-13-2018,0.0,0.0,1.0,0.0
@FoxNews,29,RT @FoxBusiness: MOMENTS AGO: @POTUS watches an air assault exercise ahead of defense bill signing. https://t.co/poTHXBYQco,8-13-2018,-0.5106,0.078,0.725,0.197
@FoxNews,30,.@POTUS at Fort Drum before signing military spending bill @dailybriefing https://t.co/s9RCJAkFLE,8-13-2018,0.0,0.0,1.0,0.0
@FoxNews,31,'Why Did It Take This Long?': 'Outnumbered' Sounds Off on Peter Strzok Firing https://t.co/VZ8GWTT1sR,8-13-2018,-0.34,0.0,0.844,0.156
@FoxNews,32,"Omarosa cuts off 'Today' appearance, tells Savannah Guthrie to 'calm down' during bizarre interview https://t.co/MnQGJKk1AK",8-13-2018,-0.296,0.122,0.638,0.239
@FoxNews,33,Dana Perino: Omarosa's book will be forgotten -- her despicable behavior will not https://t.co/K8bhfBi9Oj,8-13-2018,-0.2263,0.0,0.872,0.128
@FoxNews,34,Marine Corps Lt Marina A Hierl becomes first woman to lead infantry platoon @USMC https://t.co/YYeJRzVUkl,8-13-2018,0.0,0.0,1.0,0.0
@FoxNews,35,"Man accused of filling water cup with soda at fast food restaurant starts fight, gets Tased, cops say https://t.co/5seHMxwr1t",8-13-2018,-0.5859,0.0,0.78,0.22
@FoxNews,36,"Democrats view socialism more favorably than capitalism, Gallup says https://t.co/d3CNyQGGb4",8-13-2018,0.4391,0.243,0.757,0.0
@FoxNews,37,.@RepMcSally: ‚ÄúWe‚Äôre finally turning it around thanks to President Trump‚Äôs leadership.‚Äù https://t.co/yUWiNGiFXo,8-13-2018,0.4404,0.209,0.791,0.0
@FoxNews,38,WWII soldier's remains returned home after nearly 70 years https://t.co/J3NAVfDN7H,8-13-2018,0.0,0.0,1.0,0.0
@FoxNews,39,.@TomFitton on the firing of Peter Strzok: ‚ÄúIt‚Äôs long overdue and it‚Äôs a body blow to the Mueller investigation.‚Äù‚Ä¶ https://t.co/imUKLJ0l6v,8-13-2018,-0.34,0.0,0.882,0.118
@FoxNews,40,"Steelers fan, in full uniform and pads, sneaks onto field to stretch with team https://t.co/V88G7kpe60",8-13-2018,0.3182,0.141,0.859,0.0
@FoxNews,41,"Radioactive sheep bolster nuclear weapon test claim against Israel, researchers say (via @christocarbone) https://t.co/GVVDrOGmtV",8-13-2018,-0.296,0.0,0.855,0.145
@FoxNews,42,Shooter in fatal Florida 'Stand Your Ground' case arrested for manslaughter https://t.co/FRvi6czVOP,8-13-2018,-0.765,0.0,0.602,0.398
@FoxNews,43,Rudy Giuliani: ‚ÄúI think he‚Äôll give us a decision this week on our counter-proposal.‚Äù https://t.co/x0i21oFxAQ https://t.co/iAyv8hvXRl,8-13-2018,0.0,0.0,1.0,0.0
@FoxNews,44,Indiana Residents Fighting Development of Nonexistent ICE Detention Center https://t.co/TW8FQTYneM,8-13-2018,-0.6124,0.0,0.615,0.385
@FoxNews,45,Michigan county fair attendees test positive for rare strain of swine flu https://t.co/PYtsx1zyEU,8-13-2018,0.4767,0.316,0.481,0.203
@FoxNews,46,.@RepDougCollins on @AmericaNewsroom: ‚ÄúI think the Mueller investigation has to take all this into account.‚Äù‚Ä¶ https://t.co/6dYqyR1NEb,8-13-2018,0.0,0.0,1.0,0.0
@FoxNews,47,FBI fires Peter Strzok over anti-Trump text messages https://t.co/JXUeNWurvw @AmericaNewsroom https://t.co/rl6ZoWYjVR,8-13-2018,0.0,0.0,1.0,0.0
@FoxNews,48,'Strong odor' forces @AlaskaAir flight to make emergency landing in Los Angeles https://t.co/U1s3dv7dfQ,8-13-2018,0.1779,0.195,0.651,0.154
@FoxNews,49,Gen. Jack Keane (Ret) on Iran: ‚ÄúTheir economy is struggling.‚Äù https://t.co/bgIWprop2e @AmericanNewsroom https://t.co/nH3LW80rEo,8-13-2018,0.0,0.0,1.0,0.0
@FoxNews,50,OPINION: Michael Goodwin: Trump's foreign policy is actually boosting America's standing https://t.co/BmXuRE62D3,8-13-2018,0.34,0.179,0.821,0.0
@FoxNews,51,First Lt. Hierl becomes first female platoon leader @USMC @AmericaNewsroom https://t.co/eQEkF6DCzf,8-13-2018,0.0,0.0,1.0,0.0
@FoxNews,52,".@DarrellIssa: ""There‚Äôs no place in the FBI for somebody whose bias, whose conduct, whose statements show that they‚Ä¶ https://t.co/9gYRg5qtJj",8-13-2018,-0.3818,0.0,0.825,0.175
@FoxNews,53,Ex-WWE star Jim 'The Anvil' Neidhart dead at 63 https://t.co/VZZsjJJtID,8-13-2018,-0.6486,0.0,0.677,0.323
@FoxNews,54,"FBI fires Peter Strzok, months after anti-Trump texts revealed https://t.co/JXUeNWcQDY https://t.co/V5wHQ9Im0D",8-13-2018,0.0,0.0,1.0,0.0
@FoxNews,55,"Breaking News: FBI fires Peter Strzok, agent at center of collusion probe, months after his anti-Trump text message‚Ä¶ https://t.co/ppOr8il4rw",8-13-2018,0.0,0.0,1.0,0.0
@FoxNews,56,.@cvpayne: ‚ÄúTurkey has put itself in a bind.‚Äù https://t.co/55CoqHwGur @AmericaNewsroom https://t.co/5IRx9NPCBu,8-13-2018,0.0,0.0,1.0,0.0
@FoxNews,57,.@seanspicer on Omarosa https://t.co/wKmdIsGX6D @AmericaNewsroom https://t.co/5lH1AeSMQi,8-13-2018,0.0,0.0,1.0,0.0
@FoxNews,58,NJ officer rescues bride in flooding @AmericaNewsroom https://t.co/GPpLinOhhg,8-13-2018,0.3182,0.247,0.753,0.0
@FoxNews,59,".@POTUS Surprises Bikers by Inviting Them Into Golf Club, Joins Them in Pledge of Allegiance https://t.co/8fPzZF44mo",8-13-2018,0.4939,0.231,0.769,0.0
@FoxNews,60,"RT @FoxBusiness: .@seanspicer on trade: ""The president is finally... fulfilling the promises that he made which is to fight for American wo‚Ä¶",8-13-2018,0.0,0.103,0.794,0.103
@FoxNews,61,"RT @FoxBusiness: US putting ‚Äòfinal details‚Äô into Mexico trade deal, Trump economic adviser says https://t.co/IUzU95I2wE",8-13-2018,0.0,0.0,1.0,0.0
@FoxNews,62,.@RepPeteKing: ‚ÄúI don‚Äôt know what the purpose is unless there‚Äôs a question that only the president can answer.‚Äù‚Ä¶ https://t.co/vPTGTwgXuc,8-13-2018,0.0,0.0,1.0,0.0
@FoxNews,63,"French theme park training crows to clean up trash, cigarette butts https://t.co/w2hRTvVCEM",8-13-2018,0.4019,0.197,0.803,0.0
@FoxNews,64,Emirates passenger detained in Dubai for allegedly drinking wine finally reunited with family in UK https://t.co/qKDWE92z6X,8-13-2018,-0.4019,0.0,0.847,0.153
@FoxNews,65,.@RepPeteKing on Omarosa https://t.co/wKmdIsplI3 @AmericaNewsroom https://t.co/1Jin5rRQKg,8-13-2018,0.0,0.0,1.0,0.0
@FoxNews,66,"Trump blasts 'Wacky Omarosa' as ‚Äòvicious, but not smart‚Äô after she leaks secretly recorded phone call tape https://t.co/2qSmNZZzu8",8-13-2018,0.0,0.0,1.0,0.0
@FoxNews,67,North and South Korean leaders to meet for third summit in September https://t.co/ZfiJj7GQ2y @AmericaNewsroom https://t.co/9csTypb4it,8-13-2018,0.0,0.0,1.0,0.0
@FoxNews,68,'Brady Bunch' house renovations reportedly causing issues for local neighborhood residents https://t.co/FDfEG6iKGl,8-13-2018,0.0,0.0,1.0,0.0
@FoxNews,69,Police officers test new restraint technology https://t.co/kUWt9M9nnB,8-13-2018,0.0,0.0,1.0,0.0
@FoxNews,70,"RT @FoxBusiness: .@WhiteHouseCEA's Kevin Hassett on Trump: ""His view is we need to, in order to satisfy the demand for production of new pr‚Ä¶",8-13-2018,0.3612,0.113,0.83,0.057
@FoxNews,71,"RT @FoxBusiness: .@WhiteHouseCEA's Kevin Hassett on trade: ""A deal with Mexico is very, very close."" https://t.co/x0d3DN44go",8-13-2018,0.0,0.0,1.0,0.0
@FoxNews,72,"RT @FoxBusiness: .@WhiteHouseCEA's Kevin Hassett: ""What I'm most looking for... is for Turkey to come forward with a plan about what they'r‚Ä¶",8-13-2018,0.0,0.0,1.0,0.0
@FoxNews,73,"RT @FoxBusiness: .@WhiteHouseCEA's Kevin Hassett on the World Trade Organization: ""We need to reform it."" https://t.co/DaxijkOAcG",8-13-2018,0.0,0.0,1.0,0.0
@FoxNews,74,"RT @FoxBusiness: .@WhiteHouseCEA's Kevin Hassett on China: ""They need to start acting like the other developed nations."" https://t.co/V5DEy‚Ä¶",8-13-2018,0.3612,0.128,0.872,0.0
@FoxNews,75,"Aretha Franklin reportedly 'gravely ill,' surrounded by friends and family https://t.co/gV8GkOm5Ks",8-13-2018,0.1531,0.212,0.616,0.171
@FoxNews,76,'A Slap in the Face': FL Police Unions Urge Miami Dolphins Boycott After Anthem Protests https://t.co/xZahVexUkI,8-13-2018,-0.3818,0.085,0.691,0.223
@FoxNews,77,"Reverend Ira Acree: ""We have a mayor who is talking down to a community.‚Äù https://t.co/5eu7aGlsRS @foxandfriends https://t.co/CWynwV5qT9",8-13-2018,0.0,0.0,1.0,0.0
@FoxNews,78,President @realDonaldTrump to Sign $717 Billion Defense Bill Today https://t.co/zE7xlLxFKg,8-13-2018,0.128,0.143,0.857,0.0
@FoxNews,79,"Hippo attacks in Kenya kill 2, including Taiwan tourist taking pictures, authorities say https://t.co/wcZsIlnSWb",8-13-2018,-0.8225,0.0,0.612,0.388
@FoxNews,80,"Spain boardwalk collapses during concert, leaves hundreds injured https://t.co/PQTfNf9b5O",8-13-2018,-0.5994,0.0,0.588,0.412
@FoxNews,81,TUNE IN: Rudy Giuliani joins @foxandfriends LIVE at 7:30a ET! https://t.co/SefhWkl6mV,8-13-2018,0.0,0.0,1.0,0.0
@FoxNews,82,Wounded Orlando officer's son escorted by police to first day of kindergarten https://t.co/jh4ctQUxHr,8-13-2018,0.0,0.0,1.0,0.0
@FoxNews,83,.@dbongino: ‚ÄúHas there been a figure in American politics in the last 30 years that‚Äôs been more damaging to their p‚Ä¶ https://t.co/C8xMvdVyjR,8-13-2018,-0.5563,0.0,0.848,0.152
@FoxNews,84,Alabama public schools may soon add 'In God We Trust' displays https://t.co/pMjS6ngZuD,8-13-2018,0.6597,0.351,0.649,0.0
@FoxNews,85,"New York Jets, Washington Redskins players involved in huge practice brawl https://t.co/zlG0vLCzaW",8-13-2018,0.3182,0.173,0.827,0.0
@FoxNews,86,.@CarleyShimkus is live with the ‚ÄòFox News Update‚Äô on Facebook Watch: https://t.co/hNrB8xzepH https://t.co/49Ggcjoiu3,8-13-2018,0.0,0.0,1.0,0.0
@FoxNews,87,Rod Skirvin: ‚ÄúI think it‚Äôs a shame that the police officers of this country are so disrespected by our politicians‚Ä¶ https://t.co/eh0rAmjBKG,8-13-2018,-0.7886,0.0,0.721,0.279
@FoxNews,88,Rod Skirvin: ‚ÄúWe clearly support people‚Äôs rights to peacefully protest in America but we just feel this is the wron‚Ä¶ https://t.co/5BBgCykQ98,8-13-2018,0.5267,0.242,0.697,0.061
@FoxNews,89,"Danny Thompson, 69, sets land speed record in dad's 50-year-old car https://t.co/hYvJUCuJWm",8-13-2018,0.0,0.0,1.0,0.0
@FoxNews,90,Florida Officers Escort Son of Wounded Officer to School https://t.co/U2kos0KWoc,8-13-2018,0.0,0.0,1.0,0.0
@FoxNews,91,.@SecretaryZinke and Officials to Discuss California Carr Fire Today https://t.co/9CUiwQJhN8,8-13-2018,-0.34,0.0,0.789,0.211
@FoxNews,92,"""It was absolutely horrendous that he did something like that."" 

@KyleKashuv slams the Broward County sheriff for‚Ä¶ https://t.co/cmgilJhtCT",8-13-2018,-0.3804,0.111,0.708,0.181
@FoxNews,93,Former Georgia congressional candidate charged with murder https://t.co/NtlZWEFMDL https://t.co/34Z64vRsar,8-13-2018,-0.7579,0.0,0.519,0.481
@FoxNews,94,"Seattle plane thief's apparent knowledge of loops, other dangerous maneuvers is a mystery: investigators https://t.co/bpwUO7qNQG",8-13-2018,-0.4767,0.0,0.807,0.193
@FoxNews,95,"Police, Sessions slam Elizabeth Warren for calling criminal justice system 'racist' https://t.co/S9sa3DpHVg https://t.co/B9p2954ApQ",8-13-2018,-0.3818,0.175,0.515,0.309
@FoxNews,96,Alabama public schools may soon add 'In God We Trust' displays https://t.co/pMjS6ngZuD https://t.co/Az26Lp5nK4,8-13-2018,0.6597,0.329,0.671,0.0
@FoxNews,97,West Virginia lawmakers move to impeach entire Supreme Court https://t.co/EBfTNErgLZ https://t.co/OER8cAnY1p,8-13-2018,0.5574,0.265,0.735,0.0
@FoxNews,98,Police to release information today on Mollie Tibbetts https://t.co/CvYLAcrgB1,8-13-2018,0.0,0.0,1.0,0.0
@FoxNews,99,"Flight data recorder, human remains found in stolen Sea-Tac plane probe https://t.co/zMLwIcJ77Y https://t.co/v84JWeCkoe",8-13-2018,-0.4939,0.0,0.789,0.211
@nytimes,0,"The crowd at the ""Yellow Submarine"" singalong ranged from 2-year-olds to grandmothers
https://t.co/ykYTjp4ixf",8-13-2018,0.0,0.0,1.0,0.0
@nytimes,1,"When you‚Äôre browsing a website and the mouse cursor disappears, it may be a computer glitch ‚Äî or it may be a delibe‚Ä¶ https://t.co/1GH0fOEE11",8-13-2018,-0.34,0.0,0.888,0.112
@nytimes,2,"RT @ginakolata: A quick test of 6.6 million places on DNA reveals disease risk
https://t.co/Lxfsz26bMQ",8-13-2018,-0.2732,0.0,0.861,0.139
@nytimes,3,"Among the attendees was Gary Rathburn, who rode into town on the 40th Harley he has owned. It is likely to be his l‚Ä¶ https://t.co/ZQCWtTY0yT",8-13-2018,0.0,0.0,1.0,0.0
@nytimes,4,"As hundreds of thousands of motorcycle enthusiasts converged upon South Dakota for a massive biker rally, President‚Ä¶ https://t.co/twemWeFSty",8-13-2018,0.34,0.13,0.87,0.0
@nytimes,5,America‚Äôs bikers are divided over President Trump‚Äôs war with Harley-Davidson. But even if they think he's wrong on‚Ä¶ https://t.co/P2QVyRLXqD,8-13-2018,-0.7906,0.0,0.708,0.292
@nytimes,6,"The rise and fall of Paul Manafort: Here‚Äôs how greed, deception and ego ripped away the lavish facade of a Republic‚Ä¶ https://t.co/dqDGFGlVYz",8-13-2018,-0.6808,0.0,0.772,0.228
@nytimes,7,Premiums have risen very little in the years since Medicare Part D was introduced. But the same cannot be said of t‚Ä¶ https://t.co/JQwnYIaNZU,8-13-2018,0.0,0.0,1.0,0.0
@nytimes,8,Clare Bronfman was an heiress to the Seagram liquor fortune. Now she's charged with conspiracy and criminal rackete‚Ä¶ https://t.co/FtAqCscLiL,8-13-2018,-0.8225,0.0,0.65,0.35
@nytimes,9,There are currently 62 highly competitive seats in the House in the 2018 midterm elections. These are the races to‚Ä¶ https://t.co/X6xca6jNLS,8-13-2018,0.2484,0.091,0.909,0.0
@nytimes,10,RT @TimHerrera: Ever had a manager at work say ‚ÄúWe‚Äôre like a family here‚Äù? Remember: It‚Äôs fine to treat work like work! We‚Äôre being paid to‚Ä¶,8-13-2018,0.8313,0.329,0.671,0.0
@nytimes,11,Be skeptical of the word ‚Äúorganic‚Äù at restaurants. Here‚Äôs why. https://t.co/sJ0UbV0Z3S,8-13-2018,-0.3182,0.0,0.813,0.187
@nytimes,12,Representative Keith Ellison has denied allegations that he had emotionally and physically abused a former girlfrie‚Ä¶ https://t.co/eYYTm4X4hb,8-13-2018,-0.7351,0.0,0.693,0.307
@nytimes,13,A police officer in Baltimore has resigned after a video emerged showing him repeatedly punching a man and pinning‚Ä¶ https://t.co/NQ1YaCI7Fb,8-13-2018,-0.25,0.0,0.889,0.111
@nytimes,14,Angela Merkel will host Vladimir Putin for talks near Berlin this weekend. Analysts say the move shows how foes and‚Ä¶ https://t.co/F6OhGYiFeu,8-13-2018,-0.4588,0.0,0.87,0.13
@nytimes,15,"A year after Charlottesville, white nationalists planned to gather in front of the White House to rally. They found‚Ä¶ https://t.co/NxnMYpcRTI",8-13-2018,0.0,0.0,1.0,0.0
@nytimes,16,"‚ÄúIs this what it‚Äôs like to sit in line for Justin Bieber?‚Äù Paul Manafort's trial is attracting spectators, who line‚Ä¶ https://t.co/F84TO0upf4",8-13-2018,0.6808,0.228,0.772,0.0
@nytimes,17,Officials estimated that at least a million people in New York City could be hurt by a new rule in the works from t‚Ä¶ https://t.co/usixJC0zxT,8-13-2018,-0.5267,0.0,0.866,0.134
@nytimes,18,"RT @NYTScience: 60 years ago, Gene Parker predicted the existence of solar wind. Almost no one believed him. https://t.co/fQ6vsvdyuE",8-13-2018,-0.228,0.0,0.904,0.096
@nytimes,19,"President Trump will make his first visit to upstate New York since his inauguration on Monday, marking one of his‚Ä¶ https://t.co/Ldc0MUzmSG",8-13-2018,0.0,0.0,1.0,0.0
@nytimes,20,"Barnes &amp; Noble is floundering: sales are falling, stock prices are down 60% over the last 3 years, and critics say‚Ä¶ https://t.co/OjWA4Qqw5N",8-13-2018,0.0516,0.121,0.726,0.153
@nytimes,21,"RT @juliehdavis: This is news. The WH has never publicly acknowledged it had staffers sign NDAs, but they were described to me earlier this‚Ä¶",8-13-2018,0.0,0.0,1.0,0.0
@nytimes,22,His legacy seems to be one building in Tokyo. But Le Corbusier had a huge impact on Japanese Modernist architecture. https://t.co/lcRWIHAZfR,8-13-2018,0.3182,0.108,0.892,0.0
@nytimes,23,Can't stop thinking about ‚ÄúBlacKkKlansman‚Äù? Here‚Äôs what to read about Spike Lee‚Äôs latest film. https://t.co/97KGh1WaKj,8-13-2018,0.2235,0.119,0.881,0.0
@nytimes,24,"It may be the year of the woman in midterm campaigns across the country, but the energy among women that started wi‚Ä¶ https://t.co/8bz4jSM97W",8-13-2018,0.3919,0.108,0.892,0.0
@nytimes,25,"Companies are monitoring the way you press, scroll and type on your phone and computer. They say it‚Äôs to fight frau‚Ä¶ https://t.co/ivuVw93K7C",8-13-2018,-0.3818,0.0,0.89,0.11
@nytimes,26,"RT @patrickhealynyt: ‚ÄúWe‚Äôve got to get back to being decent.‚Äù Wisconsin voters have a major primary Tuesday - with Gov. Scott Walker, Sen.‚Ä¶",8-13-2018,0.0,0.0,1.0,0.0
@nytimes,27,Supreme found a new spot for its latest drop: front and center of the New York Post https://t.co/kcTt9ZEdZW,8-13-2018,0.3612,0.174,0.725,0.101
@nytimes,28,"Breaking News: The FBI fired Peter Strzok, whose anti-Trump text messages were seized on by the president to argue‚Ä¶ https://t.co/8zXD8uqbdV",8-13-2018,-0.5574,0.0,0.841,0.159
@nytimes,29,Modern Love: The journey began with one sentence: ‚ÄúI‚Äôm moving out.‚Äù https://t.co/II9dmdXrCE,8-13-2018,0.6705,0.355,0.645,0.0
@nytimes,30,"RT @arappeport: STURGIS, S.D. ‚Äî America‚Äôs bikers are divided over Trump‚Äôs war with Harley-Davidson. But even if they think he's wrong on tr‚Ä¶",8-13-2018,-0.7906,0.0,0.741,0.259
@nytimes,31,Elon Musk said he had discussed taking Tesla private with a Saudi investment fund before floating the idea in a twe‚Ä¶ https://t.co/DlNJWYUtRi,8-13-2018,0.0,0.0,1.0,0.0
@nytimes,32,"RT @maggieNYT: When ‚Å¶@katierogers‚Å© and I wrote that someone was secretly taping Trump, it was not Omarosa. Raises possibility that still ot‚Ä¶",8-13-2018,0.0,0.0,1.0,0.0
@nytimes,33,Americans care about being nice. How do we disagree with our neighbors about guns? https://t.co/cDzS32gkiV,8-13-2018,0.5267,0.291,0.583,0.126
@nytimes,34,Manafort and Gates attempted to get Manafort out of financial trouble while they were working on President Trump's‚Ä¶ https://t.co/wd1ihuPSl5,8-13-2018,-0.4019,0.0,0.87,0.13
@nytimes,35,"The United States Civil Rights Trail is a rewarding way to explore American history, but the tour is even more mean‚Ä¶ https://t.co/nMyKRuWEUy",8-13-2018,0.4767,0.177,0.823,0.0
@nytimes,36,Hundreds of people were injured in northwestern Spain when a pier collapsed during an oceanside music festival in t‚Ä¶ https://t.co/qpqVQH7KJX,8-13-2018,-0.1531,0.133,0.667,0.2
@nytimes,37,"In Opinion

The Editorial Board writes: ""Many Republicans seem to realize that the tax cut has become a political l‚Ä¶ https://t.co/qtK2pTXf2P",8-13-2018,-0.2732,0.0,0.9,0.1
@nytimes,38,He has been denounced by environmental groups. His boats have been sunk by radical activists. But Kristjan Loftsson‚Ä¶ https://t.co/X7WDKVqe7l,8-13-2018,0.0,0.0,1.0,0.0
@nytimes,39,Morning¬†Briefing: Here's what you need to know to start your day https://t.co/KJM6Q2xtcA https://t.co/aN17UHNJqQ,8-13-2018,0.0,0.0,1.0,0.0
@nytimes,40,The first new school year after the Parkland shooting is beginning. Public schools are preparing by embracing expen‚Ä¶ https://t.co/oLIAzLerP3,8-13-2018,0.0,0.0,1.0,0.0
@nytimes,41,Martin Vassilev makes a good living selling fake views on YouTube videos. Here's how he does it. https://t.co/FuHGtzUOtT,8-13-2018,-0.0516,0.138,0.714,0.148
@nytimes,42,"Analysis: For all the strategic success Vladimir Putin has had, one key goal has eluded him. https://t.co/dfsmvm8ZaA",8-13-2018,0.5719,0.188,0.812,0.0
@nytimes,43,RT @maggieNYT: The White House believes there could be dozens of other Omarosa tapes.  https://t.co/nPN8DIl6m3,8-13-2018,0.0,0.0,1.0,0.0
@nytimes,44,"""I played video games before, so, you know, I know what I'm doing a little bit,"" said the man who flew a stolen 76-‚Ä¶ https://t.co/t7ykCSM1xF",8-13-2018,-0.2023,0.094,0.781,0.125
@nytimes,45,The 5 countries with shorelines on the Caspian Sea agreed to a formula for dividing up the world's largest inland b‚Ä¶ https://t.co/4XoSfYQaOb,8-13-2018,0.2732,0.1,0.9,0.0
@nytimes,46,"In the 12 months since white nationalists and counterprotesters clashed in Charlottesville, the city has continued‚Ä¶ https://t.co/iSbJNLxjqE",8-13-2018,0.0,0.0,1.0,0.0
@nytimes,47,Paul Manafort's trial underscores questions about how someone in such deep financial trouble rose to the top of the‚Ä¶ https://t.co/YgwshNjYP8,8-13-2018,-0.2263,0.08,0.8,0.12
@nytimes,48,"After weeks of hype, white supremacists managed to muster just a couple of dozen supporters in Washington for the f‚Ä¶ https://t.co/J7fHDbjWr3",8-13-2018,0.2263,0.127,0.786,0.087
@nytimes,49,"The police in Manchester were investigating a shooting that injured at least 10 people early Sunday as ""an attempte‚Ä¶ https://t.co/18CoNM7YgX",8-13-2018,-0.4019,0.0,0.87,0.13
@nytimes,50,"Americans are fed up with big money in politics, and they‚Äôre starting to vote that way https://t.co/bCYUUD6OAV",8-13-2018,0.0,0.0,1.0,0.0
@nytimes,51,"In California, firefighters are racing to control what has become the largest fire in state history.
In Europe, nuc‚Ä¶ https://t.co/GJEQWNR3sp",8-13-2018,-0.34,0.0,0.888,0.112
@nytimes,52,Morning¬†Briefing: Here's what you need to know to start your day https://t.co/XqPAcOHnVe https://t.co/SQxRKRLOJl,8-13-2018,0.0,0.0,1.0,0.0
@nytimes,53,"The Gay Games are intended to promote freedom and rights for lesbian, gay, bisexual and transgender people. Some of‚Ä¶ https://t.co/MPwUCovPms",8-13-2018,0.7783,0.274,0.726,0.0
@nytimes,54,"""Fighting is quite close to the hospital. The situation is really bad here. We're receiving more and more wounded a‚Ä¶ https://t.co/zNWxmRNipV",8-13-2018,-0.7425,0.0,0.751,0.249
@nytimes,55,Turkey‚Äôs main banking regulator curbed the ability of Turkish banks to swap liras for foreign currencies in an anno‚Ä¶ https://t.co/PtK3STV6S9,8-13-2018,0.3182,0.108,0.892,0.0
@nytimes,56,Scholars and activists estimate that a million people are now held in re-education camps across Xinjiang and that r‚Ä¶ https://t.co/W5qzz0JHlC,8-13-2018,0.0,0.0,1.0,0.0
@nytimes,57,"""I'd like to see this be a friendly departure,"" John Kelly says on the tape during Omarosa's firing. ""There are pre‚Ä¶ https://t.co/sgCsKIWcld",8-13-2018,0.5106,0.218,0.69,0.092
@nytimes,58,Antigovernment protests in the Romanian capital turned violent Friday night as the police clashed with protesters https://t.co/viT2cPqTmj,8-13-2018,-0.7717,0.0,0.645,0.355
@nytimes,59,"A fire raged through a hospital floor filled with elderly patients Monday morning in Taiwan‚Äôs largest city, killing‚Ä¶ https://t.co/FlcqP6dH4K",8-13-2018,-0.6597,0.0,0.735,0.265
@nytimes,60,RT @nytimesworld: A mysterious Chinese firm set off alarm bells when it began scooping up companies in the Czech Republic. So it bought a l‚Ä¶,8-13-2018,-0.34,0.0,0.902,0.098
@nytimes,61,U.S. ambassador says Ecuadorean officials' claims that he threatened them with sanctions if they didn't withdraw a‚Ä¶ https://t.co/LTYkdOPbfD,8-13-2018,-0.4588,0.0,0.85,0.15
@nytimes,62,"RT @nytimesworld: The true story of a spy who posed as a bomb courier for the Islamic State, and the most important anti-terrorism agency y‚Ä¶",8-13-2018,0.1761,0.174,0.712,0.114
@nytimes,63,Your Workplace Isn‚Äôt Your Family (and That‚Äôs O.K.!) https://t.co/spAXUwi7oZ,8-13-2018,0.0,0.0,1.0,0.0
@nytimes,64,"This Japanese fried chicken, called Karaage, is firm and flavorful with sweetened soy and garlic‚Ä¶ https://t.co/sSE2I1MlZi",8-13-2018,0.0,0.0,1.0,0.0
@nytimes,65,How Airbnb changed a writer's feelings on travel https://t.co/d8ZPZUUkAn,8-13-2018,0.0,0.0,1.0,0.0
@nytimes,66,Obesity has reached alarming levels in Thailand. Monks are at the forefront of the problem. https://t.co/vDdBswEUj6,8-13-2018,-0.4215,0.075,0.699,0.226
@nytimes,67,"Many species of marine mammals ‚Äî including dolphins, manatees and sea lions ‚Äî¬†no longer produce an enzyme that prot‚Ä¶ https://t.co/AvGVxQQjF5",8-13-2018,-0.296,0.0,0.891,0.109
@nytimes,68,This avocado salad with herbs and capers is both dead simple to make and highly luscious https://t.co/inO6axxqxO https://t.co/2NIi6qUMPN,8-13-2018,-0.6486,0.0,0.798,0.202
@nytimes,69,A mysterious disappearance. A tiny outback town. Our reporter explores an unsolved mystery in Australia. https://t.co/jCMlky4xmV,8-13-2018,0.0,0.0,1.0,0.0
@nytimes,70,"‚ÄúTurkey is the canary in the coal mine,‚Äù said one analyst, who had warned of a crisis since 2011. ‚ÄúWe are going hav‚Ä¶ https://t.co/r3uiuO5RFy",8-13-2018,-0.7351,0.0,0.772,0.228
@nytimes,71,"Assess each episode according to the ""Insecure"" Bad Decision Index: Who‚Äôs spinning their wheels? Who‚Äôs learning fro‚Ä¶ https://t.co/iQnjEHT1n0",8-13-2018,-0.5423,0.0,0.829,0.171
@nytimes,72,A Gas Pipeline to Italy? Five Star Backers Sense a Betrayal https://t.co/x0M8SGTO0U,8-13-2018,-0.5859,0.0,0.703,0.297
@nytimes,73,"RT @maggieNYT: Like Cohen, Omarosa learned the necessity of taping to prove an event with Trump or his allies happened https://t.co/nPN8DIl‚Ä¶",8-13-2018,0.3612,0.111,0.889,0.0
@nytimes,74,"RT @nytmargaret: ""If the half-ton of C-4 plastic explosive riding alongside him didn‚Äôt kill him, the Islamic State might."" Read the real li‚Ä¶",8-13-2018,-0.6908,0.0,0.824,0.176
@nytimes,75,New legislation in New York will temporarily cap services like Uber and Lyft. But that raises the age old question:‚Ä¶ https://t.co/gH27S5sXCz,8-13-2018,0.3612,0.111,0.889,0.0
@nytimes,76,"The main premise of the Paleo diet: If the cave men didn‚Äôt eat it, you shouldn‚Äôt either. But is this sound nutritio‚Ä¶ https://t.co/L2cJqx0lFX",8-13-2018,0.0,0.0,1.0,0.0
@nytimes,77,"At a time when major Indian cities such as Delhi, Mumbai and Kolkata are facing a growing waste crisis, Prime Minis‚Ä¶ https://t.co/irFSnsJSH8",8-13-2018,-0.7351,0.066,0.664,0.27
@nytimes,78,"Gtramp, short for garden trampoline, blends the countercultural aspect of skateboarding with the raw daring of park‚Ä¶ https://t.co/Va7bOYjQUz",8-13-2018,0.3612,0.128,0.872,0.0
@nytimes,79,"Because we all know that families should eat together, but sometimes it‚Äôs tough to find the time https://t.co/P3Uc7JGO9y",8-13-2018,-0.1901,0.0,0.907,0.093
@nytimes,80,"Trump and Comey Had ‚ÄòNo Conversation About Michael Flynn,‚Äô Giuliani Says https://t.co/2JiDQoZEJ3",8-13-2018,0.0,0.0,1.0,0.0
@nytimes,81,The best grilled pork chop in the world is actually not a chop at all. @alisoneroman explains. https://t.co/26g9riqvCO,8-13-2018,0.6369,0.208,0.792,0.0
@nytimes,82,"‚ÄúI think it‚Äôs incredibly important in Trump world that you protect yourself, because everyone constructs their own‚Ä¶ https://t.co/UGOShMgCwC",8-13-2018,0.5709,0.227,0.773,0.0
@nytimes,83,"""The Odessa I know is a silent city, where the language is invisibly linked to my father‚Äôs lips moving."" A poet ret‚Ä¶ https://t.co/Wf8xGENIkZ",8-13-2018,0.0,0.0,1.0,0.0
@nytimes,84,"In @NYTOpinion,

Author Maeve Higgins writes, ‚ÄúWords are all we have when it comes to telling someone who we are, s‚Ä¶ https://t.co/S2YXUftgvQ",8-13-2018,0.0,0.0,1.0,0.0
@nytimes,85,Trump‚Äôs National Security Claim for Tariffs Sets Off Crisis at W.T.O. https://t.co/xo0vPnuYFb,8-13-2018,-0.4019,0.145,0.606,0.248
@nytimes,86,"Wisconsin faces a political identity crisis: Continue to veer right, or swing back to the left? Tuesday's primary c‚Ä¶ https://t.co/tJJDr8zIIS",8-13-2018,-0.6249,0.0,0.814,0.186
@nytimes,87,White Nationalists and Counterprotesters Rally in D.C. https://t.co/zCcU0Mf0jD,8-13-2018,0.0,0.0,1.0,0.0
@nytimes,88,"RT @NYTMetro: You'll be swell, you'll be great. And here's a shot of Vitamin B-12 for your ailing vocal cords. Dr. Linda Dahl is guardian t‚Ä¶",8-13-2018,0.743,0.215,0.785,0.0
@nytimes,89,America Has Stopped Being a Civilized Nation https://t.co/RG5xD17TeA,8-12-2018,-0.2263,0.0,0.759,0.241
@nytimes,90,Coming of Age in the Loft Jazz Scene https://t.co/xL2ZaqDEYB,8-12-2018,0.0,0.0,1.0,0.0
@nytimes,91,"A wine glass comfortable to grasp, to swirl and to drink from https://t.co/dh4QCPcjiS",8-12-2018,0.5106,0.231,0.769,0.0
@nytimes,92,Brooks Koepka Holds Off Tiger Woods to Win the P.G.A. Championship https://t.co/3otFvdYUlP,8-12-2018,0.7717,0.401,0.599,0.0
@nytimes,93,"Brooks Koepka Wins the P.G.A. Championship, His Second Major Title of the Year https://t.co/lAUTULcdXp",8-12-2018,0.765,0.355,0.645,0.0
@nytimes,94,Voting Rights Advocates Used to Have an Ally in the Government. That‚Äôs Changing. https://t.co/JVflIZYjf6,8-12-2018,0.0,0.0,1.0,0.0
@nytimes,95,President Trump has a long-running tendency to comment on women's appearances as he criticizes something they've sa‚Ä¶ https://t.co/eSYxAy4agT,8-12-2018,-0.34,0.0,0.87,0.13
@nytimes,96,"You may have thought that the financial crisis of 2008 ended long ago, but Adam Tooze's ""Crashed"" shows that we are‚Ä¶ https://t.co/o8EP7w5UGl",8-12-2018,-0.3716,0.0,0.892,0.108
@nytimes,97,A 23-year-old woman on a bicycle was hit by a garbage truck and killed on Friday. Cycling advocates say it could ha‚Ä¶ https://t.co/kBltj2N7s4,8-12-2018,-0.6705,0.0,0.809,0.191
@nytimes,98,"Dambe, a generations-old, West African style of boxing originally practiced by the Hausa people, is making a comeba‚Ä¶ https://t.co/Cfjspo6Loz",8-12-2018,0.0,0.0,1.0,0.0
@nytimes,99,"The ""Unite the Right II"" rally was over almost as soon as it began https://t.co/81oTkMAVsb",8-12-2018,0.0,0.0,1.0,0.0
